﻿id,name,baseModel,chipset,categories,ddrSize,flashSize,year,referenceModel,description,modelEnum,modified,created,creator
"1350340","U8300FJ","U8300FJ","KantSU2e","Smart Type > Entry Smart
Lineup > TV > UHD > 8 Series
Chipset > TV > KantSU2e","2G","8G","2025","U8300F","New SW model for EPOP change for JDM India model","1679","2025-08-26T15:25:20","2025-08-26T15:25:20","amaan.amjad"
"1345417","LSM7F","LSM7F","PontusM_MSC","Smart Type > Full Smart
Chipset > TV > PontusM_MSC
Lineup > TV > Lifestyle > MovingStyle","2.5G","16F","2025","LSM7F","Moving Screen (Pontus-M)","1665","2025-08-22T10:36:06","2025-08-22T10:36:06","crysar.kim"
"1342002","M70MF","M70F","RoseL","Chipset > TV > RoseL
Lineup > TV > Smart Monitor > UHD
Smart Type > Full Smart","2G","8G","2025","M70MF","Y25 SmartMonitor M70MF (Moving Style)","1666","2025-08-20T20:47:08","2025-08-20T13:20:22","gibeomii.kim"
"1330296","MBFAEC","QN900F","OscarP_MBC","Chipset > WALL > OscarP_MBC
Smart Type > Full Smart
Lineup > WALL > The Wall Luxury","5G","16G","2025","MBFAEC","25Y OscarP MBOX파생모델","1678","2025-07-30T16:40:03","2025-07-30T16:40:03","br21.kang"
"1327325","QN60F","QN60F","RoseL","Smart Type > Entry Smart
Lineup > TV > QLED_4K > 6 Series
Chipset > TV > RoseL","2G","8G","2025","Q80F","QN60H Model is carryover model for North America based on RoseL Q80F with Local dimming and DLG support","1677","2025-07-29T13:33:43","2025-07-28T18:21:56","bhupendra.p"
"1291800","DU8900","DU9000","PontusM","Smart Type > Entry Smart
Lineup > TV > UHD > 9 Series
Chipset > TV > PontusM","2.5G","8G","2024","DU9000","New Model 98' DU8900 = 98' DU9000 + Remocon Change (Solar Cell → IR Basic (TM1240) remote control)  CH250702-01644","1398","2025-07-03T19:36:35","2025-07-03T19:36:35","gourav.gup"
"1192581","MR95F_AT","MR95F_AT","RoseM_AOT","Smart Type > Full Smart
Lineup > TV > QLED_4K > 9 Series
Chipset > TV > RoseM_AOT","4G","64G","2025","QN90F_AT","microRGB 'MR95F_AT' model creation on RoseM platform for AOT","1674","2025-05-26T17:27:29","2025-05-26T17:27:29","brajesh.k"
"1160212","BEFX_H2B","U8000F","KantSU2e","Smart Type > Entry Smart
Lineup > TV > UHD > 8 Series
Chipset > TV > KantSU2e","2G","8G","2025","U8600F","25Y BizTV (B2C) Model Addition - BEFX_H2B (Brazil) with base model U8600F","1673","2025-05-12T18:55:10","2025-05-12T18:55:10","ankush.a1"
"1159876","BEFX_H2","U8000F","KantSU2e","Smart Type > Entry Smart
Chipset > TV > KantSU2e
Lineup > TV > B2B TV > Biz TV > UHD > 8 Series","2G","8G","2025","U8100F","[25Y_BizTV_Kant-SU2E+]  BEFX_H2 (INDIA) - New Model for India region with Panel Size - 43', 50', 55' and 65'","1672","2025-05-12T18:39:39","2025-05-12T18:39:39","ankush.a1"
"1117084","HU7010FS","HU8000F","RoseL","Smart Type > Entry Smart
Lineup > TV > B2B TV > Hospitality TV > UHD > 7 Series
Chipset > TV > RoseL","2G","8G","2025","HU7010F","HU7010FS model for India Only (43'~65')","1671","2025-04-21T12:16:36","2025-04-21T12:16:36","dinkar.v"
"1050314","Q7FD_PM","Q7FD_PM","PontusM","Smart Type > Full Smart
Lineup > TV > QLED_4K > 7 Series
Chipset > TV > PontusM","2.5G","16G","2025","QN70F","98' Q7FD Club PontusM Model","1670","2025-04-03T23:27:46","2025-04-03T23:27:46","gourav.gup"
"1049823","Q7F_PM","Q7F_PM","PontusM","Smart Type > Full Smart
Lineup > TV > QLED_4K > 7 Series
Chipset > TV > PontusM","2.5G","16G","2025","QN70F","98' Q7F PontusM Model","1669","2025-04-03T23:22:05","2025-04-03T23:22:05","gourav.gup"
"1020050","LFF3H","LFF3H","RoseL","Smart Type > Full Smart
Lineup > TV > Projector > FHD
Chipset > TV > RoseL","2G","8G","2025","LFF3F","26y The Freestyle NEXT projector model","1668","2025-03-26T12:28:56","2025-03-26T12:28:56","huuchinh.ng"
"1014122","MR95F","MR95F","RoseM","Smart Type > Full Smart
Lineup > TV > QLED_4K > 9 Series
Chipset > TV > RoseM","2.75G","16G","2025","QN90F","mLED model created based on RoseM Platform , MR95F , only for ATSC model","1667","2025-03-21T15:57:57","2025-03-18T20:02:21","vijay.k9"
"986114","QN3EF","QN85F","PontusM","Chipset > TV > PontusM
Lineup > TV > QLED_4K > 8 Series
Smart Type > Full Smart","2.5G","16G","2025","QN85F","25Y PontusM QN3EF East Asia e-Store & HongKong Model","1664","2025-03-10T14:25:35","2025-03-10T14:25:35","soyangsw.kim"
"970790","U7900F_X22","U8000F_X22","X22UD","Smart Type > Entry Smart
Lineup > TV > UHD > 8 Series
Chipset > TV > X22UD","2G","8G","2025","U8000F_X22","U7900F_X22 model for X22UD chip dualization based on kantSu2e","1662","2025-03-03T17:40:35","2025-03-03T17:40:35","amaan.amjad"
"967764","U800FD_X22","U8000F_X22","X22UD","Smart Type > Entry Smart
Lineup > TV > UHD > 8 Series
Chipset > TV > X22UD","2G","8G","2025","U8000F_X22","Club Model : Voice ready and UHD Dimming ","1661","2025-02-25T14:39:39","2025-02-25T14:39:39","amaan.amjad"
"918930","Q6FV","U8300F","KantSU2e","Smart Type > Entry Smart
Lineup > TV > UHD > 8 Series
Chipset > TV > KantSU2e","2G","8G","2025","U8500F","Voice model for Q6FA (U8000F + applied QD Sheet (brightness 250nit), Remocon:  BT Solar Cell Remote)","1660","2025-02-17T18:52","2025-02-12T14:05:27","gautam.k"
"891962","QN90F_RSP_AT","QN90F_RSP_AT","RoseP_AOT","Lineup > TV > QLED_4K > 9 Series
Smart Type > Full Smart
Chipset > TV > RoseP_AOT","6G","128G","2025","QN90F_AT","25Y Rose-P Based 4K  AOT Model","1659","2025-03-07T14:59:37","2025-01-21T15:22:10","soyangsw.kim"
"891725","QN90F_RSP","QN90F_RSP","RoseP","Chipset > TV > RoseP
Lineup > TV > QLED_4K > 9 Series
Smart Type > Full Smart","6G","16G","2025","QN90F","25Y  Rose-P Based 4K Model.","1658","2025-01-21T15:19:58","2025-01-21T15:19:58","soyangsw.kim"
"887620","M1EFO","M70F","RoseL","Smart Type > Full Smart
Lineup > TV > Smart Monitor > UHD
Chipset > TV > RoseL","2G","8G","2025","M1EFO","M1EFO(43') Smart Monitor (M70F)","1657","2025-08-20T20:45:10","2025-01-16T07:38:08","doyeon75"
"887163","M1EF","M70F","RoseL","Smart Type > Full Smart
Lineup > TV > Smart Monitor > UHD
Chipset > TV > RoseL","2G","8G","2025","M1EF","M1EF Smart Monitor (M70F)","1656","2025-08-20T20:43:09","2025-01-16T07:32:33","doyeon75"
"886441","HF8000F","HU8000F","RoseL","Smart Type > Entry Smart
Lineup > TV > B2B TV > Hospitality TV > FHD > 8 Series
Chipset > TV > RoseL","2G","8G","2025","HF8010F","HF8000F B2B-TV Model for 2025 Line up based on Rose-L Chipset","1655","2025-01-15T14:09:12","2025-01-15T14:09:12","amit.sarkar1"
"883808","HU7010F","HU8000F","RoseL","Smart Type > Entry Smart
Lineup > TV > B2B TV > Hospitality TV > UHD > 8 Series
Chipset > TV > RoseL","2G","8G","2025","Q80F","HU7010F B2B-TV Model for 2025 Line Up based on Rose-L Chipset.","1654","2025-01-15T14:57:13","2025-01-13T22:34:20","amit.sarkar1"
"875530","HU6000F","HU8000F","RoseL","Chipset > TV > RoseL
Lineup > TV > B2B TV > Hospitality TV > UHD > 7 Series
Smart Type > Entry Smart","2G","8G","2025","HU8000F","HU6000F B2B-TV Model for 2025 Line Up based on Rose-L Chipset","1653","2024-12-30T10:26:44","2024-12-30T10:26:44","soyangsw.kim"
"874798","Q6FD","U8000F","KantSU2e","Smart Type > Entry Smart
Lineup > TV > UHD > 8 Series
Chipset > TV > KantSU2e","2G","8G","2025","U800FD","Club model for Q6FA","1652","2024-12-25T16:20:46","2024-12-25T16:20:46","gautam.k"
"872373","MBWS1","MBWS1","OscarP_MLED","Chipset > WALL > OscarP_MLED
Lineup > WALL > MicroLED
Smart Type > Full Smart","5G","16G","2023","MAWS1","Model registration for 22Y Micro LED development.","1013","2024-12-19T16:30:56","2024-12-19T16:30:56","soyangsw.kim"
"868746","Q6FA","U8000F","KantSU2e","Smart Type > Entry Smart
Lineup > TV > UHD > 8 Series
Chipset > TV > KantSU2e","2G","8G","2025","U8000F","U8000F + applied QD Sheet (brightness 250nit), Remocon:  TM1240A, Region: North America, EU","1651","2024-12-17T20:22:38","2024-12-17T20:22:38","gautam.k"
"862223","BEFX_HB","U8000F","KantSU2e","Chipset > TV > KantSU2e
Smart Type > Entry Smart
Lineup > TV > UHD > 8 Series","2G","8G","2025","BEFX_HB","25Y BizTV Model for India and Brazil Region, Voice ready.","1648","2025-02-07T16:07:58","2024-12-11T13:51:54","gibeomii.kim"
"860844","BEFX_HA","U8000F","KantSU2e","Chipset > TV > KantSU2e
Smart Type > Entry Smart
Lineup > TV > UHD > 8 Series","2G","8G","2025","U8000F","25Y BizTV (B2C) Model Addition","1650","2024-12-26T15:46:13","2024-12-06T14:35:54","soyangsw.kim"
"860690","BEFX_H","U8000F","KantSU2e","Chipset > TV > KantSU2e
Smart Type > Entry Smart
Lineup > TV > B2B TV > Biz TV > UHD > 8 Series","2G","8G","2025","U8000F","25Y tizen 9.0 KantSU2e 8 series UHD model - BizTV Model","1647","2024-12-06T14:34:41","2024-12-06T14:34:41","soyangsw.kim"
"859709","M90SF_P","M90SF","RoseP","Chipset > TV > RoseP
Lineup > TV > Smart Monitor > UHD
Smart Type > Full Smart","2.5G","16G","2025","M90SF_P","Y25 Smart  monitor  M90F_P","1649","2025-08-20T20:51:04","2024-12-05T13:35:45","gibeomii.kim"
"851098","U8000F_AT","U8000F","KantSU2e_AOT","Chipset > TV > KantSU2e_AOT
Lineup > TV > UHD > 8 Series
Smart Type > Entry Smart","2.5G","32G","2025","U8000F","KantSu2e AOT model","1646","2024-12-03T16:39:26","2024-12-03T16:39:28","SYSTEM"
"851097","ROBDF","ROBDF","PontusML_BL","Lineup > TV > Home Robot
Smart Type > Full Smart
Chipset > TV > PontusML_BL","2.5G","8G","2025","LPF5DS_ML","SW model for Ballie(PontusML) based on Premiere 5","1580","2024-12-03T16:39:26","2024-12-03T16:39:28","SYSTEM"
"851095","S95F_AT","S95F_AT","RoseM_AOT","Lineup > TV > QD_4K > 9 Series
Smart Type > Full Smart
Chipset > TV > RoseM_AOT","4G","64G","2025","S95D_AT","New S/W model for 25Y AoT model, DDR 4GB, Flash 64GB","1572","2024-12-03T16:39:26","2024-12-03T16:39:28","SYSTEM"
"851094","S90F_AT","S90F_AT","RoseM_AOT","Lineup > TV > QD_4K > 9 Series
Smart Type > Full Smart
Chipset > TV > RoseM_AOT","3G","32G","2025","S90D_AT","New S/W model for 25Y AoT model, DDR 3GB, Flash 32GB","1571","2024-12-03T16:39:26","2024-12-03T16:39:28","SYSTEM"
"851093","QN90F_AT","QN90F_AT","RoseM_AOT","Lineup > TV > QLED_4K > 9 Series
Smart Type > Full Smart
Chipset > TV > RoseM_AOT","4G","64G","2025","QN90D_AT","New S/W model for 25Y AoT model, DDR 4GB, Flash 64GB","1570","2024-12-03T16:39:26","2024-12-03T16:39:28","SYSTEM"
"851092","Q70F_AT","Q80F","RoseL_AOT","Chipset > TV > RoseL_AOT
Lineup > TV > QLED_4K > 7 Series
Smart Type > Entry Smart","2.5G","32G","2025","Q60D_AT","25Y Q70F AOT Model based on Rose-L Chipset for China Region","1588","2024-12-03T16:39:26","2024-12-03T16:39:28","SYSTEM"
"851091","LS03F_WOC","LS03F_WOC","RoseW","Chipset > TV > RoseW
Lineup > TV > Lifestyle > Frame
Smart Type > Full Smart","2G","8G","2025","LS03F","65 75 85' FrameWOC  model    - Screen ( TV )  :  LS03F   - WOC (box) :   LS03F_WOC","1604","2024-12-03T16:39:26","2024-12-03T16:39:28","SYSTEM"
"851090","QN990F_WOC","QN990F_WOC","RoseW","Chipset > TV > RoseW
Smart Type > Full Smart
Lineup > TV > QLED_8K > 9 Series","2.5G","8G","2025","QN990F","WOC device of QN990F (WOC model)","1596","2024-12-03T16:39:26","2024-12-03T16:39:28","SYSTEM"
"851089","LPS9FS_WOC","LPS9FS_WOC","RoseW","Smart Type > Full Smart
Lineup > TV > Projector > 8K
Chipset > TV > RoseW","2.5G","4G","2025","LPS9FS_WM","WOC device of WOC type 8K projector model","1583","2024-12-03T16:39:26","2024-12-03T16:39:28","SYSTEM"
"851088","LFF3F","LFF3F","RoseL","Lineup > TV > Projector > FHD
Chipset > TV > RoseL
Smart Type > Entry Smart","2G","8G","2025","Q80F","25Y The Freestyle NEXT projector model","1643","2024-12-03T16:39:26","2024-12-03T16:39:28","SYSTEM"
"851087","Q80FD_32","Q80F","RoseL","Chipset > TV > RoseL
Lineup > TV > QLED_4K > 8 Series
Smart Type > Entry Smart","2G","8G","2025","Q80F_32","25Y 32' Q80F North America Club Model Based on RoseL","1639","2024-12-03T16:39:26","2024-12-03T16:39:28","SYSTEM"
"851086","HF8010F","HU8000F","RoseL","Chipset > TV > RoseL
Lineup > TV > B2B TV > Hospitality TV > FHD > 8 Series
Smart Type > Entry Smart","2G","8G","2025","HU8000F","HF8010F B2B-TV Model for 2025 Line up based on Rose-L Chipset","1638","2024-12-03T16:39:26","2024-12-03T16:39:28","SYSTEM"
"851085","HU7000F","HU8000F","RoseL","Chipset > TV > RoseL
Smart Type > Entry Smart
Lineup > TV > B2B TV > Hospitality TV > UHD > 7 Series","2G","8G","2025","HU8000F","HU7000F B2B-TV Model for 2025 Line Up based on Rose-L Chipset","1637","2024-12-03T16:39:26","2024-12-03T16:39:28","SYSTEM"
"851084","HU8000F","HU8000F","RoseL","Chipset > TV > RoseL
Lineup > TV > B2B TV > Hospitality TV > UHD > 8 Series
Smart Type > Entry Smart","2G","8G","2025","Q80F","HU8000F B2B-TV Model for 2025 Line Up based on Rose-L Chipset","1636","2024-12-03T16:39:26","2024-12-03T16:39:28","SYSTEM"
"851083","QE1F","Q80F","RoseL","Chipset > TV > RoseL
Lineup > TV > QLED_4K > 7 Series
Smart Type > Entry Smart","2G","8G","2025","Q70F","25Y Q70 RoseL Based Model With IR Remote(TM1240)","1609","2024-12-03T16:39:26","2024-12-03T16:39:28","SYSTEM"
"851082","Q72F","Q80F","RoseL","Chipset > TV > RoseL
Lineup > TV > QLED_4K > 7 Series
Smart Type > Entry Smart","2G","8G","2025","Q70F","25Y Q70 RoseL Based Model With IR Remote(TM2240)","1608","2024-12-03T16:39:26","2024-12-03T16:39:28","SYSTEM"
"851081","Q70FD","Q80F","RoseL","Chipset > TV > RoseL
Lineup > TV > QLED_4K > 7 Series
Smart Type > Entry Smart","2G","8G","2025","Q70F","25Y Q70 RoseL based North America Club Model","1607","2024-12-03T16:39:26","2024-12-03T16:39:28","SYSTEM"
"851080","Q80F_32","Q80F","RoseL","Chipset > TV > RoseL
Lineup > TV > QLED_4K > 8 Series
Smart Type > Entry Smart","2G","8G","2025","Q80F","25Y Q80 RoseL  based 32' North America model ","1606","2024-12-03T16:39:26","2024-12-03T16:39:28","SYSTEM"
"851079","Q80FD","Q80F","RoseL","Chipset > TV > RoseL
Lineup > TV > QLED_4K > 8 Series
Smart Type > Entry Smart","2G","8G","2025","Q80F","25Y Q80 RoseL Based North America Club Model","1605","2024-12-03T16:39:26","2024-12-03T16:39:28","SYSTEM"
"851078","M70FO","M70F","RoseL","Chipset > TV > RoseL
Lineup > TV > Smart Monitor > UHD
Smart Type > Full Smart","2G","8G","2025","M70FO","Y25 Smart Monitor M70FO","1593","2025-08-20T20:41:07","2024-12-03T16:39:28","SYSTEM"
"851077","M70F","M70F","RoseL","Chipset > TV > RoseL
Lineup > TV > Smart Monitor > UHD
Smart Type > Full Smart","2G","8G","2025","M70F","Y25 Smart monitor M70F","1591","2025-08-20T20:38:28","2024-12-03T16:39:28","SYSTEM"
"851076","Q70F","Q80F","RoseL","Chipset > TV > RoseL
Lineup > TV > QLED_4K > 7 Series
Smart Type > Entry Smart","2G","8G","2025","Q80F","Q70 Model for 2025 Line Up based on Rose-L Chipset","1579","2024-12-03T16:39:26","2024-12-03T16:39:28","SYSTEM"
"851075","Q80F","Q80F","RoseL","Chipset > TV > RoseL
Smart Type > Entry Smart
Lineup > TV > QLED_4K > 8 Series","2G","8G","2025","Q60D","Q80 Model for 2025 Line Up based on Rose-L Chipset","1556","2024-12-03T16:39:26","2024-12-03T16:39:28","SYSTEM"
"851074","QN95F","QN90F","RoseM","Chipset > TV > RoseM
Lineup > TV > QLED_4K > 9 Series
Smart Type > Full Smart","2.75G","16G","2025","QN90F","25Yr RoseM QN95F Korea department store Model","1614","2025-03-21T15:59:20","2024-12-03T16:39:28","SYSTEM"
"851073","QN90FD","QN90F","RoseM","Chipset > TV > RoseM
Lineup > TV > QLED_4K > 9 Series
Smart Type > Full Smart","2.75G","16G","2025","QN90F","25Yr RoseM QN90F Series North America Club Model","1613","2025-03-21T15:59:27","2024-12-03T16:39:28","SYSTEM"
"851072","S90FD","S90F","RoseM","Chipset > TV > RoseM
Lineup > TV > QD_4K > 9 Series
Smart Type > Full Smart","2.75G","16G","2025","S90F","25Yr RoseM S90 Series North America Club Model","1611","2025-03-21T15:59:33","2024-12-03T16:39:28","SYSTEM"
"851071","S95FD","S95F","RoseM","Chipset > TV > RoseM
Lineup > TV > QD_4K > 9 Series
Smart Type > Full Smart","2.75G","16G","2025","S95F","25Yr RoseM S95 Series North America Club Model ","1610","2025-03-21T15:59:38","2024-12-03T16:39:28","SYSTEM"
"851070","M90SF","M90SF","RoseM","Lineup > TV > Smart Monitor > UHD
Chipset > TV > RoseM
Smart Type > Full Smart","2.5G","8G","2025","M90SF","Y25 Smart  monitor  M90F","1589","2025-08-20T13:28:50","2024-12-03T16:39:28","SYSTEM"
"851069","LS03F","LS03F","RoseM","Chipset > TV > RoseM
Lineup > TV > Lifestyle > Frame
Smart Type > Full Smart","3G","16G","2025","LS03D","25Y RoseM FRAME TV Model","1561","2024-12-03T16:39:26","2024-12-03T16:39:28","SYSTEM"
"851068","S90F","S90F","RoseM","Chipset > TV > RoseM
Lineup > TV > QD_4K > 9 Series
Smart Type > Full Smart","2.75G","16G","2025","S90D","'25 New OLED S90 Series (Rose-M)","1559","2025-03-21T15:59:47","2024-12-03T16:39:28","SYSTEM"
"851067","S95F","S95F","RoseM","Chipset > TV > RoseM
Lineup > TV > QD_4K > 9 Series
Smart Type > Full Smart","2.75G","16G","2025","S95D","'25 New OLED S95 Series (Rose-M)","1558","2025-03-21T15:59:51","2024-12-03T16:39:28","SYSTEM"
"851066","QN90F","QN90F","RoseM","Chipset > TV > RoseM
Lineup > TV > QLED_4K > 9 Series
Smart Type > Full Smart","2.75G","16G","2025","QN90D","2025 NeoQLED QN90F basic model","1553","2025-03-21T15:59:56","2024-12-03T16:39:28","SYSTEM"
"851065","M50F","M50F","RoseSF","Chipset > TV > RoseSF
Lineup > TV > Smart Monitor > FHD
Smart Type > Full Smart","1G","8G","2025","M50F","Y25 Smart Monitor M50F","1592","2025-08-20T20:34:17","2024-12-03T16:39:28","SYSTEM"
"851064","QN950F_AT","QN950F_AT","RoseP_AOT","Chipset > TV > RoseP_AOT
Lineup > TV > QLED_8K > 9 Series
Smart Type > Full Smart","6G","128G","2025","QN900D_AT","Add S/W model for 25Y ROSE-P AOT model, DDR 6GB, Flash 128GB","1595","2024-12-03T16:39:26","2024-12-03T16:39:28","SYSTEM"
"851063","G80SD_AT","G80SD","RoseP_AOT","Lineup > TV > Smart Gaming Monitor > 8 series
Smart Type > Full Smart
Chipset > TV > RoseP_AOT","5G","32G","2024","G80SD","24' Smart Gaming Monitor  AoT ( Rose-P, 16:9 , OLED)","1473","2024-12-03T16:39:26","2024-12-03T16:39:28","SYSTEM"
"851062","QN900D_AT","QN900D_AT","RoseP_AOT","Chipset > TV > RoseP_AOT
Smart Type > Full Smart
Lineup > TV > QLED_8K > 9 Series","5G","32G","2024","QCQ990_AT","24Y RoseP AOT QN900 for China region","1434","2024-12-03T16:39:26","2024-12-03T16:39:28","SYSTEM"
"851061","G70D_AT","G70D_AT","PontusML_AOT","Lineup > TV > Smart Gaming Monitor > 7 series
Smart Type > Full Smart
Chipset > TV > PontusML_AOT","2.5G","32G","2024","G70D","Y24 Smart Gaming AoT Monitor ( 16:9,  Pontus-ML) ","1471","2024-12-03T16:39:26","2024-12-03T16:39:28","SYSTEM"
"851060","G85SD_AT","G85SD_AT","PontusML_AOT","Lineup > TV > Smart Gaming Monitor > 8 series
Smart Type > Full Smart
Chipset > TV > PontusML_AOT","2.5G","32G","2024","G85SD","Y24 Smart Gaming AoT Monitor ( 21:9  OLED  Pontus-ML)","1470","2024-12-03T16:39:26","2024-12-03T16:39:28","SYSTEM"
"851059","M80D_AT","M80D_AT","PontusML_AOT","Lineup > TV > Smart Monitor > UHD
Smart Type > Full Smart
Chipset > TV > PontusML_AOT","3G","32G","2024","M80D","2024 AoT Model for China market (Base model: M80D)","1467","2024-12-03T16:39:26","2024-12-03T16:39:28","SYSTEM"
"851058","LPF5DS_AT","LPF5DS_AT","PontusML_AOT","Chipset > TV > PontusML_AOT
Lineup > TV > Projector > FHD
Smart Type > Full Smart","3G","32G","2024","LPF5DS_ML","Android on Tizen Model for LPF5DS","1458","2024-12-03T16:39:26","2024-12-03T16:39:28","SYSTEM"
"851057","LPU7DS_AT","LPU7DS_AT","PontusML_AOT","Chipset > TV > PontusML_AOT
Lineup > TV > Projector > UHD
Smart Type > Full Smart","3G","32G","2024","LPU7DS","Android on Tizen Model for LPU7DS","1457","2024-12-03T16:39:26","2024-12-03T16:39:28","SYSTEM"
"851056","LPU9DS_AT","LPU9DS_AT","PontusML_AOT","Chipset > TV > PontusML_AOT
Lineup > TV > Projector > UHD
Smart Type > Full Smart","3G","32G","2024","LPU9DS","Android on Tizen Model for LPU9DS","1456","2024-12-03T16:39:26","2024-12-03T16:39:28","SYSTEM"
"851055","QN990F","QN990F","RoseP","Chipset > TV > RoseP
Lineup > TV > QLED_8K > 9 Series
Smart Type > Full Smart","6G","16G","2025","QN950F","Add 2025Y Rose P WOC model","1594","2024-12-03T16:39:26","2024-12-03T16:39:28","SYSTEM"
"851054","LPS9FS_WM","LPS9FS_WM","RoseP","Lineup > TV > Projector > 8K
Smart Type > Full Smart
Chipset > TV > RoseP","5G","8G","2025","LPS9DS_WM","main(display) device of WOC type 8K projector model","1582","2024-12-03T16:39:26","2024-12-03T16:39:28","SYSTEM"
"851053","QN950F","QN950F","RoseP","Chipset > TV > RoseP
Lineup > TV > QLED_8K > 9 Series
Smart Type > Full Smart","6G","16G","2025","QN900D","Add 2025Y Rose P WOC model","1563","2024-12-03T16:39:26","2024-12-03T16:39:28","SYSTEM"
"851052","LPS9DS_WM","LPS9DS_WM","RoseP","Lineup > TV > Projector > 8K
Chipset > TV > RoseP
Smart Type > Full Smart","5G","8G","2024","LPS9DS","This is for main(display) device in wireless OC type 8K projector product","1500","2024-12-03T16:39:26","2024-12-03T16:39:28","SYSTEM"
"851051","LPS9DS","LPS9DS","RoseP","Lineup > TV > Projector > 8K
Chipset > TV > RoseP
Smart Type > Full Smart","5G","8G","2024","LPS9CS","24Yr 8K Premiere Projector","1359","2024-12-03T16:39:26","2024-12-03T16:39:28","SYSTEM"
"851050","G80SD","G80SD","RoseP","Chipset > TV > RoseP
Lineup > TV > Smart Gaming Monitor > 8 series
Smart Type > Full Smart","5.0G","8G","2024","G70B","'24 Smart Gaming Monitor G80SD (Rose-P, OLED, 16:9', 32', DDR 5G, Flash 8G)","1351","2024-12-03T16:39:26","2024-12-03T16:39:28","SYSTEM"
"851049","QN900D","QN900D","RoseP","Chipset > TV > RoseP
Lineup > TV > QLED_8K > 9 Series
Smart Type > Full Smart","5G","8G","2024","QCQ900","2024 Year 8K Model ( Q900 )","1343","2024-12-03T16:39:26","2024-12-03T16:39:28","SYSTEM"
"851048","MC6S1_AT","MBWS1","OscarP_MLED_AOT","Chipset > WALL > OscarP_MLED_AOT
Lineup > WALL > MicroLED
Smart Type > Full Smart","5G","32G","2023","MBWS1_AT","중국향 Android on Tizen 모델 / Android on Tizen model for Chinese region 1. MC6S1_AT: 6 HDMIs 2 MCWS1_AT : HDMI 8개","1274","2024-12-03T16:39:26","2024-12-03T16:39:28","SYSTEM"
"851047","MCWS1_AT","MCWS1","OscarP_MLED_AOT","Chipset > WALL > OscarP_MLED_AOT
Lineup > WALL > MicroLED
Smart Type > Full Smart","5G","32G","2023","MBWS1_AT","중국향 Android on Tizen 모델 / Android on Tizen model for Chinese regionFor Tizen 7.0 +HW 23 Y MCWS1_AT -> 8HDMI MC6S1_AT -> 6HDMI","1273","2024-12-03T16:39:26","2024-12-03T16:39:28","SYSTEM"
"851046","QN900F_AT","QN900F_AT","OscarP_AOT","Lineup > TV > QLED_8K > 9 Series
Smart Type > Full Smart
Chipset > TV > OscarP_AOT","5G","64G","2025","QN800D_AT","New S/W model for 25Y AoT model, DDR 5GB, Flash 32GB","1574","2024-12-03T16:39:26","2024-12-03T16:39:28","SYSTEM"
"851045","QN800D_AT","QN800D","OscarP_AOT","Chipset > TV > OscarP_AOT
Lineup > TV > QLED_8K > 8 Series
Smart Type > Full Smart","5G","32G","2024","QCQ990_AT","24Y Oscar-P  AOT Q800  for Chinese region","1393","2024-12-03T16:39:26","2024-12-03T16:39:28","SYSTEM"
"851044","QCQ990_AT","QCQ900","OscarP_AOT","Lineup > TV > QLED_8K > 9 Series
Smart Type > Full Smart
Chipset > TV > OscarP_AOT","5G","32G","2023","QCQ900","Add New sw model for  23Y 98 inch OscarP AoT model ","1265","2024-12-03T16:39:26","2024-12-03T16:39:28","SYSTEM"
"851043","M70D_AT","M70D_AT","NikeL_AOT","Lineup > TV > Smart Monitor > UHD
Smart Type > Full Smart
Chipset > TV > NikeL_AOT","2.5G","32G","2024","M70D","2024 AoT Model for China market (Base model: M70D)","1468","2024-12-03T16:39:26","2024-12-03T16:39:28","SYSTEM"
"851042","HDU7000_AT","DU8000","NikeL_AOT","Chipset > TV > NikeL_AOT
Smart Type > Full Smart
Lineup > TV > B2B TV > Hospitality TV > UHD > 7 Series","2.5G","32G","2024","DU8000_AT","24Y Hotel Nike-L China AoT model ","1440","2024-12-03T16:39:26","2024-12-03T16:39:28","SYSTEM"
"851041","HDU8000_AT","DU8000","NikeL_AOT","Chipset > TV > NikeL_AOT
Lineup > TV > B2B TV > Hospitality TV > UHD > 8 Series
Smart Type > Full Smart","2.5G","32G","2024","DU8000_AT","24Y Hotel Nike-L China AoT model ","1427","2024-12-03T16:39:26","2024-12-03T16:39:28","SYSTEM"
"851040","DU8000_AT","DU8000","NikeL_AOT","Chipset > TV > NikeL_AOT
Lineup > TV > UHD > 8 Series
Smart Type > Full Smart","2.5G","32G","2024","UCU8000_AT","24Y Nike-L China AoT model ","1383","2024-12-03T16:39:26","2024-12-03T16:39:28","SYSTEM"
"851039","Q60D_AT","Q60D","NikeL_AOT","Chipset > TV > NikeL_AOT
Lineup > TV > QLED_4K > 6 Series
Smart Type > Full Smart","2.5G","32G","2024","QCQ60_AT","24Y AOT NikeL Q60  for Chinese region","1382","2024-12-03T16:39:26","2024-12-03T16:39:27","SYSTEM"
"851038","UCU8000_AT","UCU8000","NikeL_AOT","Chipset > TV > NikeL_AOT
Lineup > TV > UHD > 8 Series
Smart Type > Full Smart","2.5G","32G","2023","QCQ60_AT","Nike-L, Tizen7.0 based China AoT model ","1266","2024-12-03T16:39:26","2024-12-03T16:39:27","SYSTEM"
"851037","QCQ60_AT","QCQ60","NikeL_AOT","Chipset > TV > NikeL_AOT
Lineup > TV > QLED_4K > 6 Series
Smart Type > Full Smart","2.5G","32G","2023","QCQ60","23Y 중국향 Android on Tizen 모델 / Android on Tizen model for Chinese region","1251","2024-12-03T16:39:26","2024-12-03T16:39:27","SYSTEM"
"851036","QN95F_AT","QN95F_AT","PontusM_AOT","Smart Type > Full Smart
Lineup > TV > QLED_4K > 9 Series
Chipset > TV > PontusM_AOT","3G","64G","2025","QN95D","QN95F ( China ): Supports 144Hz with Pontus-M Soc constraints  Diff with QN90F(W/W)  vs QN95F_AT: 120Hz(VRR) 165Hz ) > 120Hz(VRR) 144Hz ) Brightness: 800/2,500 → 700/2,000nit","1640","2024-12-03T16:39:26","2024-12-03T16:39:27","SYSTEM"
"851035","LS03F_PM_AT","LS03F_PM_AT","PontusM_AOT","Chipset > TV > PontusM_AOT
Lineup > TV > Lifestyle > Frame
Smart Type > Full Smart","3G","64G","2025","LS03D_AT","Chinese AOT for 25 year model , QLED OC","1623","2024-12-03T16:39:26","2024-12-03T16:39:27","SYSTEM"
"851034","QN78F_AT","QN70F_AT","PontusM_AOT","Chipset > TV > PontusM_AOT
Lineup > TV > QLED_4K > 7 Series
Smart Type > Full Smart","3G","64G","2025","QN70F_AT","25Y PontusM_AOT QN78F_AT China AOT Derivative Model","1622","2024-12-03T16:39:26","2024-12-03T16:39:27","SYSTEM"
"851033","QN80F_AT","QN80F_AT","PontusM_AOT","Chipset > TV > PontusM_AOT
Lineup > TV > QLED_4K > 8 Series
Smart Type > Full Smart","3G","64G","2025","QN80D_AT","New S/W model for 25Y AoT model, DDR 3GB, Flash 64GB","1600","2024-12-03T16:39:26","2024-12-03T16:39:27","SYSTEM"
"851032","S85F_AT","S85F_AT","PontusM_AOT","Chipset > TV > PontusM_AOT
Lineup > TV > QD_4K > 8 Series
Smart Type > Full Smart","3G","32G","2025","S90D_AT","New S/W model for 25Y AoT model, DDR 3GB, Flash 32GB","1598","2024-12-03T16:39:26","2024-12-03T16:39:27","SYSTEM"
"851031","QN85F_AT","QN85F_AT","PontusM_AOT","Chipset > TV > PontusM_AOT
Smart Type > Full Smart
Lineup > TV > QLED_4K > 8 Series","3G","64G","2025","QN85D_AT","New S/W model for 25Y AoT model, DDR 3GB, Flash 64GB","1569","2024-12-03T16:39:26","2024-12-03T16:39:27","SYSTEM"
"851030","QN70F_AT","QN70F_AT","PontusM_AOT","Chipset > TV > PontusM_AOT
Smart Type > Full Smart
Lineup > TV > QLED_4K > 7 Series","3G","64G","2025","QN80D_AT","New S/W model for 25Y AoT model, DDR 3GB, Flash 64GB","1568","2024-12-03T16:39:26","2024-12-03T16:39:27","SYSTEM"
"851029","DU9100_AT","DU9000_AT","PontusM_AOT","Chipset > TV > PontusM_AOT
Lineup > TV > UHD > 9 Series
Smart Type > Entry Smart","3G","128G","2024","DU9000_AT","DU9100 lineup (China AOT): Offline Model/Flash: 128G/ UHD Dimming","1462","2024-12-03T16:39:26","2024-12-03T16:39:27","SYSTEM"
"851028","DU9000_AT","DU9000_AT","PontusM_AOT","Chipset > TV > PontusM_AOT
Lineup > TV > UHD > 9 Series
Smart Type > Entry Smart","3G","64G","2024","Q80D_AT","DU9000 lineup(China AOT): Online Model/Flash: 64G/ UHD Dimming","1455","2024-12-03T16:39:26","2024-12-03T16:39:27","SYSTEM"
"851027","QN82D_AT","QN80D_AT","PontusM_AOT","Lineup > TV > QLED_4K > 8 Series
Smart Type > Full Smart
Chipset > TV > PontusM_AOT","3G","128G","2024","QN80D_AT","QN80D China model (128GB Flash)","1453","2024-12-03T16:39:26","2024-12-03T16:39:27","SYSTEM"
"851026","QN81D_AT","QN80D_AT","PontusM_AOT","Chipset > TV > PontusM_AOT
Lineup > TV > QLED_4K > 8 Series
Smart Type > Full Smart","3G","64G","2024","QN80D_AT","QN80D China OnLine model (64 flash + 800 nit)","1449","2024-12-03T16:39:26","2024-12-03T16:39:27","SYSTEM"
"851025","LS01D_AT","LS01D_AT","PontusM_AOT","Chipset > TV > PontusM_AOT
Lineup > TV > Lifestyle > Serif
Smart Type > Full Smart","3G","32G","2024","QN90D_AT","Serif Model based on PontusM AOT ","1437","2024-12-03T16:39:26","2024-12-03T16:39:27","SYSTEM"
"851024","LS03D_AT","LS03D_AT","PontusM_AOT","Chipset > TV > PontusM_AOT
Lineup > TV > Lifestyle > Frame
Smart Type > Full Smart","3G","64G","2024","LS03D","24y FRAME AOT TV Model","1424","2024-12-03T16:39:26","2024-12-03T16:39:27","SYSTEM"
"851023","S95D_AT","S95D_AT","PontusM_AOT","Chipset > TV > PontusM_AOT
Lineup > TV > QD_4K > 9 Series
Smart Type > Full Smart","3G","32G","2024","QCQS95_AT","Android on Tizen 24Y Model for QD S95D, DDR 3GB, Flash 32GB","1422","2024-12-03T16:39:26","2024-12-03T16:39:27","SYSTEM"
"851022","S90D_AT","S90D_AT","PontusM_AOT","Chipset > TV > PontusM_AOT
Smart Type > Full Smart
Lineup > TV > QD_4K > 9 Series","3G","32G","2024","QCQS90_AT","Add New sw model for  24Y AoT model, DDR 3GB, Flash 32GB","1421","2024-12-03T16:39:26","2024-12-03T16:39:27","SYSTEM"
"851021","QN85D_AT","QN85D_AT","PontusM_AOT","Chipset > TV > PontusM_AOT
Lineup > TV > QLED_4K > 8 Series
Smart Type > Full Smart","3G","32G","2024","QCQ85_AT","Add New sw model for  24Y AoT model, DDR 3GB, Flash 32GB","1419","2024-12-03T16:39:26","2024-12-03T16:39:27","SYSTEM"
"851020","QN80D_AT","QN80D_AT","PontusM_AOT","Chipset > TV > PontusM_AOT
Lineup > TV > QLED_4K > 8 Series
Smart Type > Full Smart","3G","32G","2024","QCQ80_AT","Android on Tizen Model for QN80D_AT","1418","2024-12-03T16:39:26","2024-12-03T16:39:27","SYSTEM"
"851019","Q80D_AT","Q80D_AT","PontusM_AOT","Chipset > TV > PontusM_AOT
Lineup > TV > QLED_4K > 8 Series
Smart Type > Full Smart","3G","32G","2024","QCQ80_AT","Android on Tizen Model for Q80D_AT","1417","2024-12-03T16:39:26","2024-12-03T16:39:27","SYSTEM"
"851018","Q79D_AT","Q79D_AT","PontusM_AOT","Chipset > TV > PontusM_AOT
Lineup > TV > QLED_4K > 7 Series
Smart Type > Full Smart","3G","64G","2024","QCQ70_AT","Add New sw model for  24Y AoT model, DDR 3GB, Flash 64GB","1416","2024-12-03T16:39:26","2024-12-03T16:39:27","SYSTEM"
"851017","Q70D_AT","Q70D_AT","PontusM_AOT","Chipset > TV > PontusM_AOT
Lineup > TV > QLED_4K > 7 Series
Smart Type > Full Smart","3G","32G","2024","QCQ70_AT","Add New sw model for  24Y AoT model, DDR 3GB, Flash 32GB","1415","2024-12-03T16:39:26","2024-12-03T16:39:27","SYSTEM"
"851016","QN90D_AT","QN90D","PontusM_AOT","Chipset > TV > PontusM_AOT
Lineup > TV > QLED_4K > 9 Series
Smart Type > Full Smart","3G","32G","2024","QCQ95_AT","24y QN90D AoT Model","1372","2024-12-03T16:39:26","2024-12-03T16:39:27","SYSTEM"
"851015","UCU9000_AT","UCU9000_AT","PontusM_AOT","Chipset > TV > PontusM_AOT
Lineup > TV > UHD > 9 Series
Smart Type > Full Smart","3G","64G","2023","QCQX5_AT","New SW Model Addition for ZU9000 (Pontus-M AOT UHD 120Hz)","1280","2024-12-03T16:39:26","2024-12-03T16:39:27","SYSTEM"
"851014","QCQX5_AT","QCQ70_AT","PontusM_AOT","Chipset > TV > PontusM_AOT
Lineup > TV > QLED_4K > 7 Series
Smart Type > Full Smart","3G","64G","2023","QCQ80","Add New sw model for  23Y AoT model, DDR 3GB, Flash 64GB","1257","2024-12-03T16:39:26","2024-12-03T16:39:27","SYSTEM"
"851013","QCQ70_AT","QCQ70_AT","PontusM_AOT","Chipset > TV > PontusM_AOT
Lineup > TV > QLED_4K > 7 Series
Smart Type > Full Smart","3G","32G","2023","QCQ80","Add New sw model for  23Y AoT model, DDR 3GB, Flash 32GB","1256","2024-12-03T16:39:26","2024-12-03T16:39:27","SYSTEM"
"851012","QCQ85_AT","QCQ85","PontusM_AOT","Chipset > TV > PontusM_AOT
Lineup > TV > QLED_4K > 8 Series
Smart Type > Full Smart","3G","32G","2023","QCQ85","Add New sw model for  23Y AoT model, DDR 3GB, Flash 32GB","1255","2024-12-03T16:39:26","2024-12-03T16:39:27","SYSTEM"
"851011","QCQ95_AT","QCQ95","PontusM_AOT","Chipset > TV > PontusM_AOT
Lineup > TV > QLED_4K > 9 Series
Smart Type > Full Smart","3G","32G","2023","QCQ95","Add New sw model for  23Y AoT model, DDR 3GB, Flash 32GB","1254","2024-12-03T16:39:26","2024-12-03T16:39:27","SYSTEM"
"851010","QCQS90_AT","QCQS90","PontusM_AOT","Chipset > TV > PontusM_AOT
Lineup > TV > QD_4K > 9 Series
Smart Type > Full Smart","3GB","32G","2023","QCQS90","Add New sw model for  23Y AoT model, DDR 3GB, Flash 32GB","1253","2024-12-03T16:39:26","2024-12-03T16:39:27","SYSTEM"
"851009","QCQS95_AT","QCQS95","PontusM_AOT","Lineup > TV > QD_4K > 9 Series
Smart Type > Full Smart
Chipset > TV > PontusM_AOT","3G","32G","2023","QCQS95","Android on Tizen Model for QD S95C, DDR 3GB, Flash 32GB","1252","2024-12-03T16:39:26","2024-12-03T16:39:27","SYSTEM"
"851008","QCQ80_AT","QCQ80","PontusM_AOT","Lineup > TV > QLED_4K > 8 Series
Smart Type > Full Smart
Chipset > TV > PontusM_AOT","3G","32G","2023","QBQ80_AT","Android on Tizen Model for QCQ80.","1156","2024-12-03T16:39:26","2024-12-03T16:39:27","SYSTEM"
"851007","DU80MD_PML","DU8000_PML","PontusML","Chipset > TV > PontusML
Lineup > TV > UHD > 8 Series
Smart Type > Entry Smart","2.5G","8G","2024","Q70D","85' DU8000 PontusMLto support 120Hz (Multiview support, Micro Dimming )","1480","2024-12-03T16:39:26","2024-12-03T16:39:27","SYSTEM"
"851006","DU800M_PML","DU8000_PML","PontusML","Chipset > TV > PontusML
Lineup > TV > UHD > 8 Series
Smart Type > Entry Smart","2.5G","8G","2024","Q70D","85' DU8000  PontusML to support 120Hz (Multiview support)","1479","2024-12-03T16:39:26","2024-12-03T16:39:27","SYSTEM"
"851005","DU8000_PML","DU8000_PML","PontusML","Chipset > TV > PontusML
Lineup > TV > UHD > 8 Series
Smart Type > Entry Smart","2.5","8G","2024","Q70D","85' DU8000 PontusML to support 120Hz","1478","2024-12-03T16:39:26","2024-12-03T16:39:27","SYSTEM"
"851004","Q70DD","Q70D","PontusML","Chipset > TV > PontusML
Smart Type > Full Smart
Lineup > TV > QLED_4K > 7 Series","2.5","8G","2024","Q70D","Q70DD is for North America Club and EU Exclusive  model ","1477","2024-12-03T16:39:26","2024-12-03T16:39:27","SYSTEM"
"851003","G85SD","G85SD","PontusML","Chipset > TV > PontusML
Lineup > TV > Smart Gaming Monitor > 8 series
Smart Type > Full Smart","2.5G","8G","2024","G85SB","Y24 Smart Gaming monitor ( 21:9, OLED, Pontus-ML) ","1469","2024-12-03T16:39:26","2024-12-03T16:39:27","SYSTEM"
"851002","LPF5DS_ML","LPF5DS_ML","PontusML","Chipset > TV > PontusML
Lineup > TV > Projector > FHD
Smart Type > Full Smart","2.5G","8G","2024","LPU7DS","Premiere 5 (Pontus-ML) Tizen8.0 FHD model (Premiere-M is changed to Premiere 5)","1396","2024-12-03T16:39:26","2024-12-03T16:39:27","SYSTEM"
"851001","LPU7DS","LPU7DS","PontusML","Chipset > TV > PontusML
Lineup > TV > Projector > UHD
Smart Type > Full Smart","2.5G","8G","2024","LPU9DS","Premiere 7 (Pontus-ML) Tizen8.0 UHD model","1390","2024-12-03T16:39:26","2024-12-03T16:39:27","SYSTEM"
"851000","LPU9DS","LPU9DS","PontusML","Chipset > TV > PontusML
Lineup > TV > Projector > UHD
Smart Type > Full Smart","2.5G","8G","2024","LPF5DS","Premiere 9 (Pontus-ML) Tizen8.0 UHD model","1389","2024-12-03T16:39:26","2024-12-03T16:39:27","SYSTEM"
"850999","Q70D","Q70D","PontusML","Chipset > TV > PontusML
Lineup > TV > QLED_4K > 7 Series
Smart Type > Full Smart","2.5G","8G","2024","QCQ70","24Y Q70D Model","1371","2024-12-03T16:39:26","2024-12-03T16:39:27","SYSTEM"
"850998","G70D","G70D","PontusML","Chipset > TV > PontusML
Lineup > TV > Smart Gaming Monitor > 7 series
Smart Type > Full Smart","2.5G","8G","2024","G70B","G70D Smart Gaming Monitor","1340","2024-12-03T16:39:26","2024-12-03T16:39:27","SYSTEM"
"850997","M80D","M80D","PontusML","Chipset > TV > PontusML
Lineup > TV > Smart Monitor > UHD
Smart Type > Full Smart","2.5G","8G","2024","M80C","M80D 스마트 모니터","1337","2024-12-03T16:39:26","2024-12-03T16:39:27","SYSTEM"
"850996","UCU80MD_PML","UCU8000_PML","PontusML","Chipset > TV > PontusML
Lineup > TV > UHD > 8 Series
Smart Type > Entry Smart","2.5G","8G","2023","UCU8000_PML","85' CU8000 Pontus-ML to support 120Hz (Multiview support, North America Club)","1198","2024-12-03T16:39:26","2024-12-03T16:39:27","SYSTEM"
"850995","UCU800M_PML","UCU8000_PML","PontusML","Chipset > TV > PontusML
Lineup > TV > UHD > 8 Series
Smart Type > Entry Smart","2.5G","8G","2023","UCU8000_PML","85' CU8000 Pontus-ML to support 120Hz (Multiview support)","1197","2024-12-03T16:39:26","2024-12-03T16:39:27","SYSTEM"
"850994","UCU8000_PML","UCU8000_PML","PontusML","Chipset > TV > PontusML
Lineup > TV > UHD > 8 Series
Smart Type > Entry Smart","2.5G","8G","2023","QCQ70","85' CU8000 Pontus-ML to support 120Hz","1193","2024-12-03T16:39:26","2024-12-03T16:39:27","SYSTEM"
"850993","QCQ7X","QCQ70","PontusML","Chipset > TV > PontusML
Lineup > TV > QLED_4K > 7 Series
Smart Type > Full Smart","2.5G","8G","2023","QCQ70","QLED 70C EU exclusive, Germany Buying group","1178","2024-12-03T16:39:26","2024-12-03T16:39:27","SYSTEM"
"850992","QCQ70D","QCQ70","PontusML","Lineup > TV > QLED_4K > 7 Series
Smart Type > Full Smart
Chipset > TV > PontusML","2.5G","8G","2023","QCQ70","QLED 70C North America club","1177","2024-12-03T16:39:26","2024-12-03T16:39:27","SYSTEM"
"850991","QCQ70","QCQ70","PontusML","Chipset > TV > PontusML
Lineup > TV > QLED_4K > 7 Series
Smart Type > Full Smart","2.5G","8G","2023","QBQ70_ML","2023년 4K QLED Q70 Pontus-ML Model","1144","2024-12-03T16:39:26","2024-12-03T16:39:27","SYSTEM"
"850990","M70C","M80C","PontusML","Chipset > TV > PontusML
Lineup > TV > Smart Monitor > UHD
Smart Type > Full Smart","2.5G","8G","2023","M70B","Y23 Smart Monitor M70C  32', 27', 43'","1139","2024-12-03T16:39:26","2024-12-03T16:39:27","SYSTEM"
"850989","M80C","M80C","PontusML","Chipset > TV > PontusML
Lineup > TV > Smart Monitor > UHD
Smart Type > Full Smart","2.5G","8G","2023","M80B","Y23 Smart Monitor M80C 32' 27'","1138","2024-12-03T16:39:26","2024-12-03T16:39:27","SYSTEM"
"850988","U8000F_X22","U8000F_X22","X22UD","Chipset > TV > X22UD
Lineup > TV > UHD > 8 Series
Smart Type > Entry Smart","2G","8G","2025","U8000F","Chip dualization of 25Yr Kant Su2e. U8000F will be replaced with X22 chip for US next year","1629","2025-06-13T09:19:09","2024-12-03T16:39:27","SYSTEM"
"850987","UCU8510","UCU8000","X22UD","Chipset > TV > X22UD
Smart Type > Entry Smart
Lineup > TV > UHD > 8 Series","2G","8G","2023","UCU800M","CU8500(UCU800M) model with white remote control ","1214","2024-12-03T16:39:25","2024-12-03T16:39:27","SYSTEM"
"850986","UCU80MD","UCU8000","X22UD","Lineup > TV > UHD > 8 Series
Chipset > TV > X22UD
Smart Type > Entry Smart","2G","8G","2023","UCU8000","Club model of UCU8000 with multi view, Supreme UHD dimming","1184","2024-12-03T16:39:25","2024-12-03T16:39:27","SYSTEM"
"850985","UCU800M","UCU8000","X22UD","Lineup > TV > UHD > 8 Series
Smart Type > Entry Smart
Chipset > TV > X22UD","2G","8G","2023","UCU8000","Derived model from UCU8000 with multi view support option","1182","2024-12-03T16:39:25","2024-12-03T16:39:27","SYSTEM"
"850984","UCU800D","UCU8000","X22UD","Smart Type > Entry Smart
Chipset > TV > X22UD
Lineup > TV > UHD > 8 Series","2G","8G","2023","UCU8000","Club model of UCU8000","1161","2024-12-03T16:39:25","2024-12-03T16:39:27","SYSTEM"
"850983","UCU8000","UCU8000","X22UD","Chipset > TV > X22UD
Lineup > TV > UHD > 8 Series
Smart Type > Entry Smart","2G","8G","2023","UBU8000_X","CU8000 UHD Entry Smart model for Y2023 lineup based on X22 MTK Chipset","1135","2024-12-03T16:39:25","2024-12-03T16:39:27","SYSTEM"
"850982","Q8FAD_PM","QN70F","PontusM","Chipset > TV > PontusM
Lineup > TV > QLED_4K > 8 Series
Smart Type > Full Smart","2.5G","16G","2025","QN70F","Q8AFD Club model for Q8AF 144Hz Model","1645","2024-12-03T16:39:25","2024-12-03T16:39:27","SYSTEM"
"850981","Q8FA_PM","QN70F","PontusM","Chipset > TV > PontusM
Lineup > TV > QLED_4K > 8 Series
Smart Type > Full Smart","2.5G","16G","2025","QN70F","Q8AF 144Hz model ","1644","2024-12-03T16:39:25","2024-12-03T16:39:27","SYSTEM"
"850980","HL03F_PM","HL03F_PM","PontusM","Chipset > TV > PontusM
Lineup > TV > B2B TV > Hospitality TV > Frame
Smart Type > Entry Smart","2.5G","16G","2025","LS03F_PM","HL03F_PM B2BTV Model for 2025 Line up based on Pontus-M chipset","1641","2024-12-03T16:39:25","2024-12-03T16:39:27","SYSTEM"
"850979","QN7XF","QN70F","PontusM","Chipset > TV > PontusM
Lineup > TV > QLED_4K > 7 Series
Smart Type > Full Smart","2.5G","16G","2025","QN70F","25Yr PontusM QN7XF European Exclusive Model","1620","2024-12-03T16:39:25","2024-12-03T16:39:27","SYSTEM"
"850978","QN70FD","QN70F","PontusM","Chipset > TV > PontusM
Lineup > TV > QLED_4K > 7 Series
Smart Type > Full Smart","2.5G","16G","2025","QN70F","25Y PontusM QN70F Series North America Club Model","1619","2024-12-03T16:39:25","2024-12-03T16:39:27","SYSTEM"
"850977","QN80FD","QN80F","PontusM","Chipset > TV > PontusM
Lineup > TV > QLED_4K > 8 Series
Smart Type > Full Smart","2.5G","16G","2025","QN80F","25Yr PontusM QN80F Series North America Club Model","1617","2024-12-03T16:39:25","2024-12-03T16:39:27","SYSTEM"
"850976","QN87F","QN85F","PontusM","Chipset > TV > PontusM
Lineup > TV > QLED_4K > 8 Series
Smart Type > Full Smart","2.5G","16G","2025","QN85F","25Yr PontusM QN87F Korea On-line Model","1616","2024-12-03T16:39:25","2024-12-03T16:39:27","SYSTEM"
"850975","QN85FD","QN85F","PontusM","Chipset > TV > PontusM
Lineup > TV > QLED_4K > 8 Series
Smart Type > Full Smart","2.5G","16G","2025","QN85F","25Yr PontusM QN85F Series North America Club Model","1615","2024-12-03T16:39:25","2024-12-03T16:39:27","SYSTEM"
"850974","S85FD","S85F","PontusM","Chipset > TV > PontusM
Lineup > TV > QD_4K > 8 Series
Smart Type > Full Smart","2.5G","16G","2025","S85F","25Yr PontusM S85 Series North America Club Model","1612","2024-12-03T16:39:25","2024-12-03T16:39:27","SYSTEM"
"850973","BE98D_HB","DU9000","PontusM","Chipset > TV > PontusM
Smart Type > Entry Smart
Lineup > TV > UHD > 9 Series","2.5G","8G","2024","DU9000","98' PontusM based BIztv Model BE98D_HB","1512","2025-02-07T16:20:05","2024-12-03T16:39:27","SYSTEM"
"850972","BE98D_H","DU9000","PontusM","Chipset > TV > PontusM
Lineup > TV > B2B TV > Biz TV > UHD > 9 Series
Smart Type > Entry Smart","2.5G","8G","2024","DU9000","98' PontusM based BIztv Model","1511","2024-12-03T16:39:25","2024-12-03T16:39:27","SYSTEM"
"850971","M80F","M80F","PontusM","Chipset > TV > PontusM
Lineup > TV > Smart Monitor > UHD
Smart Type > Full Smart","2.5G","8G","2025","M80F","Y25 Smart Monitor M80F","1590","2025-08-20T20:49:18","2024-12-03T16:39:27","SYSTEM"
"850970","LS03F_PM","LS03F_PM","PontusM","Lineup > TV > Lifestyle > Frame
Smart Type > Full Smart
Chipset > TV > PontusM","2.5G","16G","2025","LS03F","The Frame 43/50/55 Pontus-M Frame  ,120Hz(55) ,OC Model","1573","2024-12-03T16:39:25","2024-12-03T16:39:27","SYSTEM"
"850969","S85F","S85F","PontusM","Chipset > TV > PontusM
Lineup > TV > QD_4K > 8 Series
Smart Type > Full Smart","2.5G","16G","2025","S85D","Add new S85 series WOLED model for 25Y(PontusM)","1562","2024-12-03T16:39:25","2024-12-03T16:39:27","SYSTEM"
"850968","QN70F","QN70F","PontusM","Chipset > TV > PontusM
Smart Type > Full Smart
Lineup > TV > QLED_4K > 7 Series","2.5G","16G","2025","QN80D","25Y 4K Neo QLED 7 Series (QN70F, Pontus-M)","1560","2024-12-03T16:39:25","2024-12-03T16:39:27","SYSTEM"
"850967","QN80F","QN80F","PontusM","Chipset > TV > PontusM
Smart Type > Full Smart
Lineup > TV > QLED_4K > 8 Series","2.5G","16G","2025","QN80D","2025 Tizen9.0 TV: QN80F Pontus-M Basic model","1557","2024-12-03T16:39:25","2024-12-03T16:39:27","SYSTEM"
"850966","QN85F","QN85F","PontusM","Chipset > TV > PontusM
Smart Type > Full Smart
Lineup > TV > QLED_4K > 8 Series","2.5G","16G","2025","QN85D","2025 Tizen9.0 TV : QN85F Pontus-M Basic model","1554","2024-12-03T16:39:25","2024-12-03T16:39:27","SYSTEM"
"850965","QN80DBF","Q80D","PontusM","Chipset > TV > PontusM
Lineup > TV > QLED_4K > 8 Series
Smart Type > Full Smart","2.5G","8G","2024","Q80D","QN80DBF: '24 New QLED 8 Series (Pontus-M) with 'North America B/F model'","1496","2024-12-03T16:39:25","2024-12-03T16:39:27","SYSTEM"
"850964","S95DD","S95D","PontusM","Chipset > TV > PontusM
Lineup > TV > QD_4K > 9 Series
Smart Type > Full Smart","2.5G","8G","2024","S95D","24Y S95DD (US Club Model)","1472","2024-12-03T16:39:25","2024-12-03T16:39:27","SYSTEM"
"850963","S9XD","S90D","PontusM","Chipset > TV > PontusM
Lineup > TV > QD_4K > 9 Series
Smart Type > Full Smart","2.5G","8G","2024","S90DD","S90D Derivation model - DVB Exclusive","1465","2024-12-03T16:39:25","2024-12-03T16:39:27","SYSTEM"
"850962","LST7D","QCQ90","PontusM","Chipset > TV > PontusM
Lineup > TV > Lifestyle > Outdoor TV
Smart Type > Full Smart","2.5G","8G","2024","QN90D","Add New 2024 Terrace model (based on QN90D)","1464","2024-12-03T16:39:25","2024-12-03T16:39:27","SYSTEM"
"850961","LST9D","QCQ90","PontusM","Chipset > TV > PontusM
Lineup > TV > Lifestyle > Outdoor TV
Smart Type > Full Smart","2.5G","8G","2024","QN90D","Add New 2024 Terrace model (based on QN90D)","1463","2024-12-03T16:39:25","2024-12-03T16:39:27","SYSTEM"
"850960","DU900D","DU9000","PontusM","Chipset > TV > PontusM
Lineup > TV > UHD > 9 Series
Smart Type > Entry Smart","2.5G","8G","2024","DU9000","98' club model  Supreme UHD Dimming","1461","2024-12-03T16:39:25","2024-12-03T16:39:27","SYSTEM"
"850959","HS85D","S85D","PontusM","Chipset > TV > PontusM
Lineup > TV > B2B TV > Hospitality TV > QD_4K
Smart Type > Full Smart","2.5G","8G","2024","S85D","CTV S85D based B2B TV Model","1454","2024-12-03T16:39:25","2024-12-03T16:39:27","SYSTEM"
"850958","S85DD","S85D","PontusM","Chipset > TV > PontusM
Lineup > TV > QD_4K > 8 Series
Smart Type > Full Smart","2.5G","8G","2024","S85D","New S85DD model for US Club and Germany Exclusive.","1452","2024-12-03T16:39:25","2024-12-03T16:39:27","SYSTEM"
"850957","S85D","S85D","PontusM","Lineup > TV > QD_4K > 8 Series
Chipset > TV > PontusM
Smart Type > Full Smart","2.5G","8G","2024","S90D","Add new S85 series WOLED model for 24Y","1451","2024-12-03T16:39:25","2024-12-03T16:39:27","SYSTEM"
"850956","DU9000","DU9000","PontusM","Chipset > TV > PontusM
Lineup > TV > UHD > 9 Series
Smart Type > Entry Smart","2.5G","8G","2024","Q80D"," Introduced Entry Series 98' (DU98) for 9000' lineup/volume expansion (W/W)","1447","2024-12-03T16:39:25","2024-12-03T16:39:27","SYSTEM"
"850955","LS01D","LS01D","PontusM","Chipset > TV > PontusM
Lineup > TV > Lifestyle > Serif
Smart Type > Full Smart","2.5G","8G","2024","QN90D","24Y Serif Model.","1445","2024-12-03T16:39:25","2024-12-03T16:39:27","SYSTEM"
"850954","HS90D","S90D","PontusM","Lineup > TV > B2B TV > Hospitality TV > QD_4K
Chipset > TV > PontusM
Smart Type > Full Smart","2.5G","8G","2024","S90D","24 New Hotel  OLED S90 Series (Pontus-M)","1443","2024-12-03T16:39:25","2024-12-03T16:39:27","SYSTEM"
"850953","HL03D","LS03D","PontusM","Chipset > TV > PontusM
Lineup > TV > B2B TV > Hospitality TV > Frame
Smart Type > Full Smart","2.5G","16G","2024","LS03D","24y FRAME Hotel TV B2B Model","1442","2024-12-03T16:39:25","2024-12-03T16:39:27","SYSTEM"
"850952","Q80DD","Q80D","PontusM","Chipset > TV > PontusM
Lineup > TV > QLED_4K > 8 Series
Smart Type > Full Smart","2.5G","8G","2024","Q80D","Q80DD : '24 TV QLED Q80D (2024 Tizen8.0, Pontus-M, QLED builtin) with 'North America Club model'","1407","2024-12-03T16:39:25","2024-12-03T16:39:27","SYSTEM"
"850951","QN80DD","QN80D","PontusM","Chipset > TV > PontusM
Lineup > TV > QLED_4K > 8 Series
Smart Type > Full Smart","2.5G","8G","2024","QN80D","QN80DD : '24 TV NeoQLED QN80D (2024 Tizen8.0, Pontus-M, NeoQLED builtin) with 'North America Club model'","1405","2024-12-03T16:39:25","2024-12-03T16:39:27","SYSTEM"
"850950","QN8XD","QN85D","PontusM","Chipset > TV > PontusM
Lineup > TV > QLED_4K > 8 Series
Smart Type > Full Smart","2.5G","8G","2024","QN85D","QN8XD : '24 TV NeoQLED QN85D (2024 Tizen8.0, Pontus-M, NeoQLED builtin) with 'DVB Exclusive model'","1403","2024-12-03T16:39:25","2024-12-03T16:39:27","SYSTEM"
"850949","QN85DD","QN85D","PontusM","Chipset > TV > PontusM
Lineup > TV > QLED_4K > 8 Series
Smart Type > Full Smart","2.5G","8G","2024","QN85D","QN85DD : '24 TV NeoQLED QN85D (2024 Tizen8.0, Pontus-M, NeoQLED builtin) with 'North America Club model'","1402","2024-12-03T16:39:25","2024-12-03T16:39:27","SYSTEM"
"850948","QN90DD","QN90D","PontusM","Chipset > TV > PontusM
Lineup > TV > QLED_4K > 9 Series
Smart Type > Full Smart","2.5G","8G","2024","QN90D","QN90DD : '24 TV NeoQLED QN90D (2024 Tizen8.0, Pontus-M, NeoQLED builtin) with 'North America Club model'","1400","2024-12-03T16:39:25","2024-12-03T16:39:27","SYSTEM"
"850947","S90DD","S90D","PontusM","Chipset > TV > PontusM
Smart Type > Full Smart
Lineup > TV > QD_4K > 9 Series","2.5G","8G","2024","S90D","'24 New OLED S90 Series (Pontus-M), North America Club","1397","2024-12-03T16:39:25","2024-12-03T16:39:27","SYSTEM"
"850946","S90D","S90D","PontusM","Chipset > TV > PontusM
Lineup > TV > QD_4K > 9 Series
Smart Type > Full Smart","2.5G","8G","2024","QCQS90","'24 New OLED S90 Series (Pontus-M)","1388","2024-12-03T16:39:25","2024-12-03T16:39:27","SYSTEM"
"850945","QN80D","QN80D","PontusM","Chipset > TV > PontusM
Lineup > TV > QLED_4K > 8 Series
Smart Type > Full Smart","2.5G","8G","2024","QCQ80","'24Y 4K NeoQLED 8 Series (PontusM)","1387","2024-12-03T16:39:25","2024-12-03T16:39:27","SYSTEM"
"850944","Q80D","Q80D","PontusM","Chipset > TV > PontusM
Lineup > TV > QLED_4K > 8 Series
Smart Type > Full Smart","2.5G","8G","2024","QCQ80","'24 New QLED 8 Series (PontusM)","1386","2024-12-03T16:39:25","2024-12-03T16:39:27","SYSTEM"
"850943","QN85D","QN85D","PontusM","Chipset > TV > PontusM
Lineup > TV > QLED_4K > 8 Series
Smart Type > Full Smart","2.5G","8G","2024","QCQ85","24Y 4K TV - NeoQLED QN85D (Pontus-M) ","1364","2024-12-03T16:39:25","2024-12-03T16:39:27","SYSTEM"
"850942","QN95D","QN95D","PontusM","Chipset > TV > PontusM
Lineup > TV > QLED_4K > 9 Series
Smart Type > Full Smart","2.5G","8G","2024","QCQ95","NeoQLED QN95D Pontus-M ","1363","2024-12-03T16:39:25","2024-12-03T16:39:27","SYSTEM"
"850941","LS05D","LS05D","PontusM","Lineup > TV > Lifestyle > SERO
Chipset > TV > PontusM
Smart Type > Full Smart","2.5G","8G","2024","LS05B","24y SERO TV Model","1362","2024-12-03T16:39:25","2024-12-03T16:39:27","SYSTEM"
"850940","LS03D","LS03D","PontusM","Chipset > TV > PontusM
Lineup > TV > Lifestyle > Frame
Smart Type > Full Smart","2.5G","16G","2024","LS03C","24y FRAME TV Model","1361","2024-12-03T16:39:25","2024-12-03T16:39:27","SYSTEM"
"850939","S95D","S95D","PontusM","Chipset > TV > PontusM
Lineup > TV > QD_4K > 9 Series
Smart Type > Full Smart","2.5G","8G","2024","QCQS95","'24 New OLED S95 Series (PontusM)","1333","2024-12-03T16:39:25","2024-12-03T16:39:27","SYSTEM"
"850938","QN90D","QN90D","PontusM","Chipset > TV > PontusM
Lineup > TV > QLED_4K > 9 Series
Smart Type > Full Smart","2.5G","8G","2024","QCQ90","'24 New NeoQLED 90 Series (PontusM)","1332","2024-12-03T16:39:25","2024-12-03T16:39:27","SYSTEM"
"850937","LPF5DS","LPF5DS","PontusM","Lineup > TV > Projector > FHD
Chipset > TV > PontusM
Smart Type > Full Smart","2.5G","8G","2024","LSP3C_PTM","Premiere-M (Pontus-M) Tizen8.0 FHD model","1366","2024-12-03T16:39:25","2024-12-03T16:39:27","SYSTEM"
"850936","QCQS9Y","QCQS90","PontusM","Chipset > TV > PontusM
Lineup > TV > QD_4K > 9 Series
Smart Type > Full Smart","2.5G","8G","2023","QCQS9X","S95C Variation for Germany buying group ","1238","2024-12-03T16:39:25","2024-12-03T16:39:27","SYSTEM"
"850935","LST7C","QCQ90","PontusM","Chipset > TV > PontusM
Lineup > TV > Lifestyle > Outdoor TV
Smart Type > Full Smart","2.5G","8G","2023","QCQ90","Add New 2023 Terrace model (based on QCQ90)","1237","2024-12-03T16:39:25","2024-12-03T16:39:27","SYSTEM"
"850934","LST9C","QCQ90","PontusM","Chipset > TV > PontusM
Smart Type > Full Smart
Lineup > TV > Lifestyle > Outdoor TV","2.5G","8G","2023","QCQ90","Add New 2023 Terrace model (based on QCQ90)","1236","2024-12-03T16:39:25","2024-12-03T16:39:27","SYSTEM"
"850933","LSP3C_PTM","LSP3C_PTM","PontusM","Chipset > TV > PontusM
Lineup > TV > Projector > FHD
Smart Type > Full Smart","2.5G","8G","2023","LSP3B_PTM","FreeStyle2.0(Pontus-M) development","1221","2024-12-03T16:39:25","2024-12-03T16:39:27","SYSTEM"
"850932","QCQ8X","QCQ85","PontusM","Chipset > TV > PontusM
Lineup > TV > QLED_4K > 8 Series
Smart Type > Full Smart","2.5G","8G","2023","QCQ85","QNC8X : European derivation model based on QCQ85","1218","2024-12-03T16:39:25","2024-12-03T16:39:27","SYSTEM"
"850931","QCQ80D","QCQ80","PontusM","Chipset > TV > PontusM
Lineup > TV > QLED_4K > 8 Series
Smart Type > Full Smart","2.5G","8G","2023","QCQ80","QLED 80C North America club","1176","2024-12-03T16:39:25","2024-12-03T16:39:27","SYSTEM"
"850930","QCQ83","QCQ85","PontusM","Chipset > TV > PontusM
Lineup > TV > QLED_4K > 8 Series
Smart Type > Full Smart","2.5G","8G","2023","QCQ85","NeoQLED 85C Korea distribution derivation","1175","2024-12-03T16:39:25","2024-12-03T16:39:27","SYSTEM"
"850929","QCQ88","QCQ85","PontusM","Chipset > TV > PontusM
Lineup > TV > QLED_4K > 8 Series
Smart Type > Full Smart","2.5G","8G","2023","QCQ85","NeoQLED 85C Korea strategic distribution derivation","1174","2024-12-03T16:39:25","2024-12-03T16:39:27","SYSTEM"
"850928","QCQ85D","QCQ85","PontusM","Chipset > TV > PontusM
Lineup > TV > QLED_4K > 8 Series
Smart Type > Full Smart","2.5G","8G","2023","QCQ85","NeoQLED 85C North America club","1173","2024-12-03T16:39:25","2024-12-03T16:39:27","SYSTEM"
"850927","QCQ9X","QCQ90","PontusM","Chipset > TV > PontusM
Lineup > TV > QLED_4K > 9 Series
Smart Type > Full Smart","2.5G","8G","2023","QCQ90","NeoQLED 90C EU exclusive, Germany Buying group","1172","2024-12-03T16:39:25","2024-12-03T16:39:27","SYSTEM"
"850926","QCQ90D","QCQ90","PontusM","Chipset > TV > PontusM
Lineup > TV > QLED_4K > 9 Series
Smart Type > Full Smart","2.5G","8G","2023","QCQ90","NeoQLED 90C North America club","1171","2024-12-03T16:39:25","2024-12-03T16:39:27","SYSTEM"
"850925","QCQ95D","QCQ95","PontusM","Chipset > TV > PontusM
Lineup > TV > QLED_4K > 9 Series
Smart Type > Full Smart","2.5G","8G","2023","QCQ95","NeoQLED 95C North America club","1170","2024-12-03T16:39:25","2024-12-03T16:39:27","SYSTEM"
"850924","QCQS9X","QCQS90","PontusM","Chipset > TV > PontusM
Lineup > TV > QD_4K > 9 Series
Smart Type > Full Smart","2.5G","8G","2023","QCQS90","QD OLED S90C EU exclusive, Germany Buying group","1169","2024-12-03T16:39:25","2024-12-03T16:39:27","SYSTEM"
"850923","QCQS90D","QCQS90","PontusM","Chipset > TV > PontusM
Lineup > TV > QD_4K > 9 Series
Smart Type > Full Smart","2.5G","8G","2023","QCQS90","QD OLED S90C North America club","1168","2024-12-03T16:39:25","2024-12-03T16:39:27","SYSTEM"
"850922","QCQS95D","QCQS95","PontusM","Chipset > TV > PontusM
Lineup > TV > QD_4K > 9 Series
Smart Type > Full Smart","2.5G","8G","2023","QCQS95","QD OLED S95C North America club","1167","2024-12-03T16:39:25","2024-12-03T16:39:27","SYSTEM"
"850921","LS03C","LS03C","PontusM","Chipset > TV > PontusM
Lineup > TV > Lifestyle > Frame
Smart Type > Full Smart","2.5G","16G","2023","LS03B","Add New 2023 QLED Frame (Pontus-M)","1160","2024-12-03T16:39:25","2024-12-03T16:39:27","SYSTEM"
"850920","QCQ80","QCQ80","PontusM","Chipset > TV > PontusM
Lineup > TV > QLED_4K > 8 Series
Smart Type > Full Smart","2.5G","8G","2023","QBQ80","Add New 2023 QLED 4K model (QCQ80)","1151","2024-12-03T16:39:25","2024-12-03T16:39:27","SYSTEM"
"850919","QCQS90","QCQS90","PontusM","Chipset > TV > PontusM
Lineup > TV > QD_4K > 9 Series
Smart Type > Full Smart","2.5G","8G","2023","QBQS90","Add New 2023 Q_OLED 4K model (QCQS90)","1150","2024-12-03T16:39:25","2024-12-03T16:39:27","SYSTEM"
"850918","QCQS95","QCQS95","PontusM","Chipset > TV > PontusM
Lineup > TV > QD_4K > 9 Series
Smart Type > Full Smart","2.5G","8G","2023","QBQS95","Add New 2023 Q-OLED 4K model (QCQS95)","1149","2024-12-03T16:39:25","2024-12-03T16:39:27","SYSTEM"
"850917","QCQ85","QCQ85","PontusM","Chipset > TV > PontusM
Lineup > TV > QLED_4K > 8 Series
Smart Type > Full Smart","2.5G","8G","2023","QBQ85","Add New 2023 QLED 4K model (QCQ85)","1148","2024-12-03T16:39:25","2024-12-03T16:39:27","SYSTEM"
"850916","QCQ90","QCQ90","PontusM","Chipset > TV > PontusM
Lineup > TV > QLED_4K > 9 Series
Smart Type > Full Smart","2.5G","8G","2023","QBQ90","Add New 2023 QLED 4K model (QCQ90)","1147","2024-12-03T16:39:25","2024-12-03T16:39:27","SYSTEM"
"850915","QCQ95","QCQ95","PontusM","Chipset > TV > PontusM
Lineup > TV > QLED_4K > 9 Series
Smart Type > Full Smart","2.5G","8G","2023","QBQ95","Add New 2023 QLED 4K model ","1131","2024-12-03T16:39:25","2024-12-03T16:39:27","SYSTEM"
"850914","MCWS1","MCWS1","OscarP_MLED","Chipset > WALL > OscarP_MLED
Lineup > WALL > MicroLED
Smart Type > Full Smart","5G","16G","2023","MBWS1","Model registration for 23Y Micro LED development.","1152","2024-12-03T16:39:25","2024-12-03T16:39:27","SYSTEM"
"850913","G95SD","G95SD","OscarS","Chipset > TV > OscarS
Lineup > TV > Smart Gaming Monitor > 9 series
Smart Type > Full Smart","5.0G","8G","2023","G95SC","G95SD is same with G95SC.  In HW perspective ,  Glare Free Film is added on the Panel  S/W Perspective,  New SW Model ID (G95SD) is added .","1288","2024-12-03T16:39:25","2024-12-03T16:39:27","SYSTEM"
"850912","S90PC","G95SC","OscarS","Chipset > TV > OscarS
Lineup > TV > Smart Monitor > UHD
Smart Type > Full Smart","3.5G","8G","2023","M80C","5K Smart Monitor","1162","2024-12-03T16:39:25","2024-12-03T16:39:27","SYSTEM"
"850911","G95SC","G95SC","OscarS","Chipset > TV > OscarS
Lineup > TV > Smart Gaming Monitor > 9 series
Smart Type > Full Smart","3.5G","8G","2023","G95NB","Y23 Smart Gaming Monitor (OLED 32:9 49' 240Hz)","1141","2024-12-03T16:39:25","2024-12-03T16:39:27","SYSTEM"
"850910","QCQ700","QCQ700","OscarS","Chipset > TV > OscarS
Lineup > TV > QLED_8K > 7 Series
Smart Type > Full Smart","4.5G","8G","2023","QBQ700","2023년 8K 60Hz Model ( Q700 )","1133","2024-12-03T16:39:25","2024-12-03T16:39:27","SYSTEM"
"850909","QN900FD","QN900F","OscarP","Chipset > TV > OscarP
Lineup > TV > QLED_8K > 9 Series
Smart Type > Full Smart","5G","16G","2025","QN900F","25Yr Oscar-P Club model for QN930F","1626","2024-12-03T16:39:25","2024-12-03T16:39:27","SYSTEM"
"850908","QN890D","QN800D","OscarP","Lineup > TV > QLED_8K > 8 Series
Chipset > TV > OscarP
Smart Type > Full Smart","5G","8G","2024","QN800D","2024 Year 98 Inch 8K OscarP Model (QN890D)","1510","2024-12-03T16:39:25","2024-12-03T16:39:27","SYSTEM"
"850907","QN900F_F64","QN900F_F64","OscarP","Chipset > TV > OscarP
Smart Type > Full Smart
Lineup > TV > QLED_8K > 9 Series","5G","16G","2025","QN900F","Add 25 Year Oscar P Model 64Bit operation verification","1597","2024-12-03T16:39:25","2024-12-03T16:39:27","SYSTEM"
"850906","QN900F","QN900F","OscarP","Smart Type > Full Smart
Lineup > TV > QLED_8K > 9 Series
Chipset > TV > OscarP","5G","16G","2025","QN800D","Add 2025Y 8K Line up, OC","1551","2024-12-03T16:39:25","2024-12-03T16:39:27","SYSTEM"
"850905","QN800D_BI","QN800D","OscarP","Chipset > TV > OscarP
Lineup > TV > QLED_8K > 8 Series
Smart Type > Full Smart","5G","8G","2024","QN800D","2024 Year 8K Model (Q800) - Built-in Type","1485","2024-12-03T16:39:25","2024-12-03T16:39:27","SYSTEM"
"850904","QN850D","QN850D","OscarP","Chipset > TV > OscarP
Lineup > TV > QLED_8K > 8 Series
Smart Type > Full Smart","5G","8G","2024","QN800D","24Yr Oscar-P Club model for QN850D (North American club)","1435","2024-12-03T16:39:25","2024-12-03T16:39:27","SYSTEM"
"850903","QN800D_F64","QN800D_F64","OscarP","Lineup > TV > QLED_8K > 8 Series
Chipset > TV > OscarP
Smart Type > Full Smart","5G","8G","2024","QN800D","Full64Bit 동작 검증 용","1365","2024-12-03T16:39:25","2024-12-03T16:39:27","SYSTEM"
"850902","QN800D","QN800D","OscarP","Chipset > TV > OscarP
Lineup > TV > QLED_8K > 8 Series
Smart Type > Full Smart","5G","8G","2024","QCQ800","2024 Year 8K Model (Q800 )","1342","2024-12-03T16:39:25","2024-12-03T16:39:27","SYSTEM"
"850901","LPS9CS","LPS9CS","OscarP","Chipset > TV > OscarP
Lineup > TV > Projector > 8K
Smart Type > Full Smart","5G","8G","2023","QCQ800","23Yr 8K Premiere Projector","1269","2024-12-03T16:39:25","2024-12-03T16:39:27","SYSTEM"
"850900","QCQ990","QCQ900","OscarP","Lineup > TV > QLED_8K > 9 Series
Chipset > TV > OscarP
Smart Type > Full Smart","5G","8G","2023","QCQ900","98 inch model for 8K with Oscar-P chip","1264","2024-12-03T16:39:25","2024-12-03T16:39:27","SYSTEM"
"850899","G97NC","G97NB","OscarP","Chipset > TV > OscarP
Lineup > TV > Smart Gaming Monitor > 9 series
Smart Type > Full Smart","5G","8G","2023","G97NB","23y ARK","1223","2024-12-03T16:39:25","2024-12-03T16:39:27","SYSTEM"
"850898","QCQ850","QCQ800","OscarP","Chipset > TV > OscarP
Lineup > TV > QLED_8K > 8 Series
Smart Type > Full Smart","5G","8G","2023","QCQ800","23Yr Oscar-P Club model for QN850C (North American club) and QNC850 (Korea exclusive distribution model)","1222","2024-12-03T16:39:25","2024-12-03T16:39:27","SYSTEM"
"850897","LSP900","LSP900","OscarP","Chipset > TV > OscarP
Smart Type > Full Smart
Lineup > TV > Projector > 8K","8G","8G","2023","LSP9","Projector 8K","1166","2024-12-03T16:39:25","2024-12-03T16:39:27","SYSTEM"
"850896","QCQ800_F64","QCQ800_F64","OscarP","Lineup > TV > QLED_8K > 8 Series
Smart Type > Full Smart
Chipset > TV > OscarP","5G","8G","2023","QCQ800","Full64Bit 동작 검증 용 ","1157","2024-12-03T16:39:25","2024-12-03T16:39:27","SYSTEM"
"850895","QCQ800","QCQ800","OscarP","Chipset > TV > OscarP
Lineup > TV > QLED_8K > 8 Series
Smart Type > Full Smart","5G","8G","2023","QBQ800","2023 Year 8K Model ( Q800 )","1145","2024-12-03T16:39:25","2024-12-03T16:39:27","SYSTEM"
"850894","QCQ900","QCQ900","OscarP","Chipset > TV > OscarP
Lineup > TV > QLED_8K > 9 Series
Smart Type > Full Smart","5G","8G","2023","QBQ900","2023년 8K Model ( Q900 )","1132","2024-12-03T16:39:25","2024-12-03T16:39:27","SYSTEM"
"850893","DU80MD_NM2","DU8000_NM2","NikeM2","Chipset > TV > NikeM2
Lineup > TV > UHD > 8 Series
Smart Type > Entry Smart","2.5G","8G","2024","Q70D_NM2","85' DU8000 NikeM2 to support 120Hz (Multiview support, North America Club)","1426","2024-12-03T16:39:25","2024-12-03T16:39:27","SYSTEM"
"850892","DU800M_NM2","DU8000_NM2","NikeM2","Chipset > TV > NikeM2
Smart Type > Entry Smart
Lineup > TV > UHD > 8 Series","2.5G","8G","2024","Q70D_NM2","85' DU8000  NikeM2 to support 120Hz (Multiview support),UHD Dimming","1425","2024-12-03T16:39:25","2024-12-03T16:39:27","SYSTEM"
"850891","DU8000_NM2","DU8000_NM2","NikeM2","Chipset > TV > NikeM2
Smart Type > Entry Smart
Lineup > TV > UHD > 8 Series","2.5G","8G","2024","Q70D_NM2","85' DU8000 NikeM2 to support 120Hz","1423","2024-12-03T16:39:25","2024-12-03T16:39:27","SYSTEM"
"850890","Q70DD_NM2","Q70D_NM2","NikeM2","Chipset > TV > NikeM2
Lineup > TV > QLED_4K > 7 Series
Smart Type > Full Smart","2.5G","8G","2024","Q70D_NM2","Q70DD is for North America Club and EU Exclusive  model , feature difference  Micro Dimming & Object Tracking Sound","1414","2024-12-03T16:39:25","2024-12-03T16:39:27","SYSTEM"
"850889","Q70D_NM2","Q70D_NM2","NikeM2","Chipset > TV > NikeM2
Lineup > TV > QLED_4K > 7 Series
Smart Type > Full Smart","2.5G","8G","2024","QCQ70_NM2","Q70D Lineup with Nike-M2","1409","2024-12-03T16:39:25","2024-12-03T16:39:27","SYSTEM"
"850888","QCQ7X_NM2","QCQ70_NM2","NikeM2","Chipset > TV > NikeM2
Lineup > TV > QLED_4K > 7 Series
Smart Type > Full Smart","2.5G","8G","2023","QCQ80D","23Y Nike-M2 based Q7X model","1243","2024-12-03T16:39:25","2024-12-03T16:39:27","SYSTEM"
"850887","QCQ70D_NM2","QCQ70_NM2","NikeM2","Chipset > TV > NikeM2
Lineup > TV > QLED_4K > 7 Series
Smart Type > Full Smart","2.5G","8G","2023","QCQ80D","23Y Nike-M2 Based Q70 Club model","1242","2024-12-03T16:39:25","2024-12-03T16:39:27","SYSTEM"
"850886","QCQ70_NM2","QCQ70_NM2","NikeM2","Chipset > TV > NikeM2
Lineup > TV > QLED_4K > 7 Series
Smart Type > Full Smart","2.5G","8G","2023","QCQ80","2023년 4K QLED Q70 Model based on Nike-M2 Chip","1241","2024-12-03T16:39:25","2024-12-03T16:39:27","SYSTEM"
"850885","U7000F","U8000F","KantSU2e","Chipset > TV > KantSU2e
Lineup > TV > UHD > 7 Series
Smart Type > Entry Smart","2G","8G","2025","U8000F","New Derivative model for 25Yr U8000F for EU. Remote control: U8000F TM2240 → U7000F TM1240","1642","2024-12-03T16:39:25","2024-12-03T16:39:27","SYSTEM"
"850884","U8400F","U8400F","KantSU2e","Chipset > TV > KantSU2e
Lineup > TV > UHD > 8 Series
Smart Type > Entry Smart","2G","8G","2025","U8600F","25Yr KantSu2e Voice model, DU7000 Reuse, BT Simple remote ","1603","2024-12-03T16:39:25","2024-12-03T16:39:27","SYSTEM"
"850883","U8300F","U8300F","KantSU2e","Chipset > TV > KantSU2e
Lineup > TV > UHD > 8 Series
Smart Type > Entry Smart","2G","8G","2025","U8600F","25Yr Kant Su2e voice model, BT Simple remote","1602","2024-12-03T16:39:25","2024-12-03T16:39:27","SYSTEM"
"850882","U8100F","U8000F","KantSU2e","Chipset > TV > KantSU2e
Lineup > TV > UHD > 8 Series
Smart Type > Entry Smart","2G","8G","2025","U8000F","Model for DU7000 reuse for India and Brazil Region, Voice ready. Difference wrt U8000F HDMI path change","1599","2024-12-03T16:39:25","2024-12-03T16:39:27","SYSTEM"
"850881","U7900F","U8000F","KantSU2e","Chipset > TV > KantSU2e
Lineup > TV > UHD > 8 Series
Smart Type > Entry Smart","2G","8G","2025","U8000F","Voice ready model with 2 HDMI port","1586","2024-12-03T16:39:25","2024-12-03T16:39:27","SYSTEM"
"850880","U800FD","U8000F","KantSU2e","Chipset > TV > KantSU2e
Lineup > TV > UHD > 8 Series
Smart Type > Entry Smart","2G","8G","2025","U8000F","Club Model : Voice ready and UHD Dimming ","1585","2024-12-03T16:39:25","2024-12-03T16:39:27","SYSTEM"
"850879","U8600F","U8000F","KantSU2e","Chipset > TV > KantSU2e
Lineup > TV > UHD > 8 Series
Smart Type > Entry Smart","2G","8G","2025","U8500F","DU7000 reuse model, Voice,  BT Solar cell remote","1584","2024-12-03T16:39:25","2024-12-03T16:39:27","SYSTEM"
"850878","U8500F","U8000F","KantSU2e","Chipset > TV > KantSU2e
Lineup > TV > UHD > 8 Series
Smart Type > Entry Smart","2G","8G","2025","DU7700","25Y Voice model based on DU7700","1581","2024-12-03T16:39:25","2024-12-03T16:39:27","SYSTEM"
"850877","U8000F","U8000F","KantSU2e","Chipset > TV > KantSU2e
Smart Type > Entry Smart
Lineup > TV > UHD > 8 Series","2G","8G","2025","DU7000","25Y tizen 9.0 KantSU2e 8 series voice ready UHD model ","1555","2024-12-03T16:39:25","2024-12-03T16:39:27","SYSTEM"
"850876","DU6900","DU7000","KantSU2e","Chipset > TV > KantSU2e
Lineup > TV > UHD > 7 Series
Smart Type > Entry Smart","2G","8G","2024","DU7000","Voice ready model with 2 HDMI port and simple IR remocon","1460","2024-12-03T16:39:25","2024-12-03T16:39:27","SYSTEM"
"850875","DU7600","DU7000","KantSU2e","Chipset > TV > KantSU2e
Smart Type > Entry Smart
Lineup > TV > UHD > 7 Series","2G","8G","2024","DU7700","New derviative model for Chennai plant . Support MVA with previous year  battery Smart RC model","1450","2024-12-03T16:39:25","2024-12-03T16:39:27","SYSTEM"
"850874","DU700D","DU7000","KantSU2e","Chipset > TV > KantSU2e
Lineup > TV > UHD > 7 Series
Smart Type > Entry Smart","2G","8G","2024","DU7000","Club Model : Voice ready and UHD Dimming ","1448","2024-12-03T16:39:25","2024-12-03T16:39:27","SYSTEM"
"850873","Q60DD_K","Q60D_K","KantSU2e","Lineup > TV > QLED_4K > 6 Series
Chipset > TV > KantSU2e
Smart Type > Entry Smart","2G","8G","2024","Q60D_K","club model of 32Q60D","1436","2024-12-03T16:39:25","2024-12-03T16:39:27","SYSTEM"
"850872","UCU7090J","UCU7090J","KantSU2e","Chipset > TV > KantSU2e
Lineup > TV > UHD > 7 Series
Smart Type > Entry Smart","2G","8G","2023","UCU7000"," 43,50,55,65 raken La region new sw model UCU7090J Introduction","1285","2024-12-03T16:39:25","2024-12-03T16:39:27","SYSTEM"
"850871","BED_HB","DU7000","KantSU2e","Chipset > TV > KantSU2e
Smart Type > Entry Smart
Lineup > TV > UHD > 7 Series","2G","8G","2024","DU7700","BED_HB is BizTV Brazil Model same spec as CTV","1392","2025-02-11T21:54:36","2024-12-03T16:39:27","SYSTEM"
"850870","DU7700","DU7000","KantSU2e","Chipset > TV > KantSU2e
Lineup > TV > UHD > 7 Series
Smart Type > Entry Smart","2G","8G","2024","UCU7700","24Y Voice model based on CU7700","1391","2024-12-03T16:39:25","2024-12-03T16:39:27","SYSTEM"
"850869","Q60D_K","Q60D_K","KantSU2e","Chipset > TV > KantSU2e
Lineup > TV > QLED_4K > 6 Series
Smart Type > Entry Smart","2G","8G","2024","QCQ60_K","32inch Q60D series with UHD panel, next model of 32Q60C","1385","2024-12-03T16:39:25","2024-12-03T16:39:27","SYSTEM"
"850868","BED_HA","DU7000","KantSU2e","Chipset > TV > KantSU2e
Smart Type > Entry Smart
Lineup > TV > UHD > 7 Series","2G","8G","2024","DU7000","New Software Model BED_HA Argentina (Base Model DU7000)","1378","2025-02-11T21:54:24","2024-12-03T16:39:27","SYSTEM"
"850867","BED_H","DU7000","KantSU2e","Chipset > TV > KantSU2e
Lineup > TV > B2B TV > Biz TV > UHD > 7 Series
Smart Type > Entry Smart","2G","8G","2024","DU7000","24Y Enterprise Smart Product - 'BizTv' Kantsu2e for W/W","1377","2024-12-03T16:39:25","2024-12-03T16:39:27","SYSTEM"
"850866","DU7000","DU7000","KantSU2e","Lineup > TV > UHD > 7 Series
Chipset > TV > KantSU2e
Smart Type > Entry Smart","2G","8G","2024","UCU7000","First basic model of 2024Y 7000 series","1335","2024-12-03T16:39:25","2024-12-03T16:39:27","SYSTEM"
"850865","BEC_HA","UCU7000","KantSU2e","Chipset > TV > KantSU2e
Smart Type > Full Smart
Lineup > TV > UHD > 7 Series","2G","8G","2023","UCU7000","New Software Model BEC_HA Argentina (Base Model UCU7000)","1279","2025-05-02T15:20:04","2024-12-03T16:39:27","SYSTEM"
"850864","UCU7000J_NS","UCU7000","KantSU2e","Chipset > TV > KantSU2e
Lineup > TV > UHD > 7 Series
Smart Type > Entry Smart","2G","8G","2023","UCU7000","23Y JDM CU7K EU NonSatelite model Introduction(TPV&TCL MOKA)","1276","2024-12-03T16:39:25","2024-12-03T16:39:27","SYSTEM"
"850863","UCU7000J","UCU7000","KantSU2e","Chipset > TV > KantSU2e
Smart Type > Entry Smart
Lineup > TV > UHD > 7 Series","2G","8G","2023","UCU7000","23Y JDM CU7K EU NonSatelite model Introduction(TPV&TCL MOKA)","1275","2024-12-03T16:39:25","2024-12-03T16:39:27","SYSTEM"
"850862","BEC_HB","UCU7000","KantSU2e","Chipset > TV > KantSU2e
Smart Type > Entry Smart
Lineup > TV > UHD > 7 Series","2G","8G","2023","UCU7000","BEC_HB is BizTV Brazil Model same spec as CTV and TV Plus not supported","1268","2025-05-02T15:20:26","2024-12-03T16:39:27","SYSTEM"
"850861","QCQ6D_K","QCQ60_K","KantSU2e","Chipset > TV > KantSU2e
Lineup > TV > QLED_4K > 6 Series
Smart Type > Entry Smart","2G","8G","2023","QCQ60_K","US club model of 32Q60C","1240","2024-12-03T16:39:25","2024-12-03T16:39:27","SYSTEM"
"850860","QCQ60_K","QCQ60_K","KantSU2e","Lineup > TV > QLED_4K > 6 Series
Chipset > TV > KantSU2e
Smart Type > Entry Smart","2G","8G","2023","UCU7000","32inch Q60C series with UHD panel, next model of 32Q60A","1217","2024-12-03T16:39:25","2024-12-03T16:39:27","SYSTEM"
"850859","UCU700D","UCU7000","KantSU2e","Lineup > TV > UHD > 7 Series
Chipset > TV > KantSU2e
Smart Type > Entry Smart","2G","8G","2023","UCU7000","US Club model of CU7000 with UHD dimming supported","1186","2024-12-03T16:39:25","2024-12-03T16:39:27","SYSTEM"
"850858","UCU7700","UCU7000","KantSU2e","Lineup > TV > UHD > 7 Series
Chipset > TV > KantSU2e
Smart Type > Entry Smart","2G","8G","2023","UCU7000","Local derived model of CU7000 with voice service supported","1185","2024-12-03T16:39:25","2024-12-03T16:39:27","SYSTEM"
"850857","BEC_H","UCU7000","KantSU2e","Chipset > TV > KantSU2e
Lineup > TV > B2B TV > Biz TV > UHD > 7 Series
Smart Type > Entry Smart","2G","8G","2023","UCU7000","23Y Enterprise Smart Product - 'BizTV' KantSU2e for W/W","1163","2024-12-03T16:39:25","2024-12-03T16:39:27","SYSTEM"
"850856","LS03CB","LS03CB","KantSU2e","Lineup > TV > Lifestyle > Frame
Chipset > TV > KantSU2e
Smart Type > Entry Smart","2G","16G","2023","UCU7000","Frame 32 2023Y product","1158","2024-12-03T16:39:25","2024-12-03T16:39:27","SYSTEM"
"850855","LFF3C","LFF3C","KantSU2e","Chipset > TV > KantSU2e
Lineup > TV > Projector > FHD
Smart Type > Entry Smart","2G","8G","2023","LSP3B","23Y The Freestyle Rev Model","1137","2024-12-03T16:39:25","2024-12-03T16:39:27","SYSTEM"
"850854","UCU7000","UCU7000","KantSU2e","Chipset > TV > KantSU2e
Lineup > TV > UHD > 7 Series
Smart Type > Entry Smart","2G","8G","2023","UBU7000","23Y Smart entry model without Voice support based on KantSU2e Novatek  Chipset","1136","2024-12-03T16:39:25","2024-12-03T16:39:27","SYSTEM"
"850853","HCU7080","QCQ60","NikeL","Chipset > TV > NikeL
Smart Type > Entry Smart
Lineup > TV > B2B TV > Hospitality TV > UHD > 7 Series","2G","8G","2023","HCU7000","Hotel TV BLAN New Model development","1289","2024-12-03T16:39:25","2024-12-03T16:39:27","SYSTEM"
"850852","M1EDO","M80D","NikeL","Chipset > TV > NikeL
Lineup > TV > Smart Monitor > UHD
Smart Type > Full Smart","2G","8G","2024","M70DO","'24 Smart Monitor M1EDO ( Same with M70DO,  only for Online and .com )","1482","2024-12-03T16:39:25","2024-12-03T16:39:27","SYSTEM"
"850851","M1ED","M80D","NikeL","Chipset > TV > NikeL
Lineup > TV > Smart Monitor > UHD
Smart Type > Full Smart","2G","8G","2024","M70D","'24 Smart Monitor M1ED ( Same with M70D,  only for Online and .com )","1481","2024-12-03T16:39:25","2024-12-03T16:39:27","SYSTEM"
"850850","M70DO","M80D","NikeL","Chipset > TV > NikeL
Lineup > TV > Smart Monitor > UHD
Smart Type > Full Smart","2G","8G","2024","M70D","M70D0 Smart Monitor is 43' version of M70D with (Nike-L) chipset","1446","2024-12-03T16:39:25","2024-12-03T16:39:27","SYSTEM"
"850849","HDU8080","DU8000","NikeL","Chipset > TV > NikeL
Lineup > TV > B2B TV > Hospitality TV > UHD > 8 Series
Smart Type > Entry Smart","2G","8G","2024","DU8000","Hotel TV BLAN 8 Series UHD Model","1441","2024-12-03T16:39:25","2024-12-03T16:39:27","SYSTEM"
"850848","DU80MD","DU8000","NikeL","Chipset > TV > NikeL
Smart Type > Entry Smart
Lineup > TV > UHD > 8 Series","2G","8G","2024","DU800M","N.A Club Model with Supreme UHD Dimming, Multiview","1413","2024-12-03T16:39:25","2024-12-03T16:39:27","SYSTEM"
"850847","DU800M","DU8000","NikeL","Chipset > TV > NikeL
Smart Type > Entry Smart
Lineup > TV > UHD > 8 Series","2G","8G","2024","Q60D","DU800M_NL supports multiview","1412","2024-12-03T16:39:25","2024-12-03T16:39:27","SYSTEM"
"850846","DU8000","DU8000","NikeL","Chipset > TV > NikeL
Lineup > TV > UHD > 8 Series
Smart Type > Entry Smart","2G","8G","2024","Q60D","DU8000_NL model is now X22UD -> NikeL","1411","2024-12-03T16:39:25","2024-12-03T16:39:27","SYSTEM"
"850845","Q60DD","Q60DD","NikeL","Chipset > TV > NikeL
Lineup > TV > QLED_4K > 6 Series
Smart Type > Entry Smart","2G","8G","2024","Q60D","Q60DD North America Club / EU Exclusive (Q6XD)/ Germany for B/G -> Ultimate UHD Dimming","1408","2024-12-03T16:39:25","2024-12-03T16:39:27","SYSTEM"
"850844","M50D","M80D","NikeL","Chipset > TV > NikeL
Lineup > TV > Smart Monitor > FHD
Smart Type > Full Smart","2G","8G","2024","M50C","M50D Smart Monitor","1339","2024-12-03T16:39:25","2024-12-03T16:39:27","SYSTEM"
"850843","M70D","M80D","NikeL","Chipset > TV > NikeL
Lineup > TV > Smart Monitor > UHD
Smart Type > Full Smart","2G","8G","2024","M70C","M70D Smart Monitor
Base model was changed  from M70C(Pontus-ML)  to M70B(Nike-L)   due to Chipset ","1338","2024-12-03T16:39:25","2024-12-03T16:39:27","SYSTEM"
"850842","Q60D","Q60D","NikeL","Chipset > TV > NikeL
Lineup > TV > QLED_4K > 6 Series
Smart Type > Entry Smart","2G","8G","2024","QCQ60","Q60 Model for 2024 Line Up based on NIKE-L Chipset","1331","2024-12-03T16:39:25","2024-12-03T16:39:27","SYSTEM"
"850841","HCF8000","QCQ60","NikeL","Chipset > TV > NikeL
Lineup > TV > B2B TV > Hospitality TV > FHD > 8 Series
Smart Type > Entry Smart","2G","8G","2023","QCQ60","23Y Smart Enterprise Dedicated Hotel FHD Model for WW regions","1216","2024-12-03T16:39:25","2024-12-03T16:39:27","SYSTEM"
"850840","HCU7030","QCQ60","NikeL","Chipset > TV > NikeL
Lineup > TV > B2B TV > Hospitality TV > UHD > 7 Series
Smart Type > Entry Smart","2G","8G","2023","QCQ60","23Y Smart Enterprise Dedicated HotelTV Model for WW regions","1215","2024-12-03T16:39:25","2024-12-03T16:39:27","SYSTEM"
"850839","QCQ65","QCQ60","NikeL","Chipset > TV > NikeL
Lineup > TV > QLED_4K > 6 Series
Smart Type > Entry Smart","2G","8G","2023","QCQ60","Luminance is 300 nit and need to remove HDR10+ from epop","1195","2024-12-03T16:39:25","2024-12-03T16:39:27","SYSTEM"
"850838","QCQ6D","QCQ60","NikeL","Chipset > TV > NikeL
Lineup > TV > QLED_4K > 6 Series
Smart Type > Entry Smart","2G","8G","2023","QCQ60","North America Club. EU exclusive, Germany Buying Group, Ultimate UHD Dimming","1194","2024-12-03T16:39:25","2024-12-03T16:39:27","SYSTEM"
"850837","QCQ63","QCQ60","NikeL","Chipset > TV > NikeL
Lineup > TV > QLED_4K > 6 Series
Smart Type > Entry Smart","2G","8G","2023","QCQ60","S.East Asia Online model of Q60C (IoT Hub Externa)","1189","2024-12-03T16:39:25","2024-12-03T16:39:27","SYSTEM"
"850836","QCQ6X","QCQ60","NikeL","Chipset > TV > NikeL
Lineup > TV > QLED_4K > 6 Series
Smart Type > Entry Smart","2G","8G","2023","QCQ60","North America Club. EU exclusive, Germany Buying Group","1183","2024-12-03T16:39:25","2024-12-03T16:39:27","SYSTEM"
"850835","HCU7000","QCQ60","NikeL","Chipset > TV > NikeL
Lineup > TV > B2B TV > Hospitality TV > UHD > 7 Series
Smart Type > Entry Smart","2G","8G","2023","QCQ60","23Y Smart Enterprise Dedicated HotelTV Model for WW regions","1181","2024-12-03T16:39:25","2024-12-03T16:39:27","SYSTEM"
"850834","HCU8080","QCQ60","NikeL","Chipset > TV > NikeL
Lineup > TV > B2B TV > Hospitality TV > UHD > 8 Series
Smart Type > Entry Smart","2G","8G","2023","QCQ60","23Y Smart Enterprise b-LAN Model for ATSC Region","1180","2024-12-03T16:39:25","2024-12-03T16:39:27","SYSTEM"
"850833","HCU8030","QCQ60","NikeL","Chipset > TV > NikeL
Lineup > TV > B2B TV > Hospitality TV > UHD > 8 Series
Smart Type > Entry Smart","2G","8G","2023","QCQ60","23Y Smart Enterprise Hospital Model for ATSC Region","1179","2024-12-03T16:39:25","2024-12-03T16:39:27","SYSTEM"
"850832","M50C","M80C","NikeL","Chipset > TV > NikeL
Lineup > TV > Smart Monitor > FHD
Smart Type > Full Smart","2G","8G","2023","M50B","Y23 Smart Monitor M50C  32' 27'","1140","2024-12-03T16:39:25","2024-12-03T16:39:27","SYSTEM"
"850831","QCQ60","QCQ60","NikeL","Chipset > TV > NikeL
Lineup > TV > QLED_4K > 6 Series
Smart Type > Entry Smart","2G","8G","2023","QBQ60","Q60 Model for 2023 Line Up based on NIKE-L Chipset , Iot Hub Module will be introduced in the 23Y Q60 HW Boards","1130","2024-12-03T16:39:25","2024-12-03T16:39:27","SYSTEM"
