uifw.osu_customer_notice_uisize,NA,true -> ALL
product.ld_mcu_monitoring_support,false -> ALL,NA
setting.menuitem.gamma_support,NA,true -> ALL
product.hdr10plus_v2_support,false -> ALL,NA
wa_apps.sound_elevation_support,false -> ALL,NA
game_bar.voice_support,false -> ALL,NA
setting.menuitem.picture_demo_support,NA,true -> ALL
product.hw_auto_fine_tuner_support,true -> ALL,NA
product.lfd.sbox.video_fpga_tag,NONE -> ALL,NA
generative_wallpaper.supported,false -> ALL,NA
karaoke.num_usb_mic,0 -> ALL,NA
wa_apps.sound_supervisor_mode,0 -> ALL,NA
bluetooth.max_num_of_connected_audio,2 -> ALL,NA
notice.check_localset_permitted,NA,0 -> CHI_DTV | 1 -> REST
product.lfd.sbox.video_pentile_overlap_position_support,false -> ALL,NA
ug.support,true -> EA_INDIA; ED_INDIA; EU; EU_GERMANY; EU_ITALY; EU_SPAIN; EU_UK; KOR; SD_CANADA; US | false -> REST,NA
product.lfd.wol_only_supported,false -> ALL,NA
product.lfd.sbox_jdm_support_type,0 -> ALL,NA
setting.contactsamsung.memoryinfo_support,NA,true -> CHI_DTV; EA_CHINA | false -> REST
settings.menuitem.soccer_mode_menu_type,0 -> ALL,NA
game_bar.virtual_aim_pointer_auto_hide_support,false -> ALL,NA
setting.menuitem.power_indicator_support,false -> ALL,NA
avbleapp.advertising_icon_type,NA,0 -> ALL
product.local_dimming_default_low,false -> ALL,NA
rootstrap_api_version,8.0 -> ALL,7.5 -> ALL
broadcasting.h264_fhd_5060p_max_support,false -> ALL,NA
emanual.folder_name,SMGATSCB -> SA_ATV; SD_CANADA | SMGDVBEUB -> AD_NZ2; CIS_CA_MS; CUBA_DTV; EA_AFRICA; EA_BANGLADESH; EA_CHINA; EA_EAST_ASIA; EA_EGYPT; EA_INDIA; EA_INDONESIA; EA_IRAN; EA_LIBYA; EA_MALAYSIA; EA_MIDDLE_ASIA; EA_NEPAL; EA_PAKISTAN; EA_PHI; EA_SAUDI; EA_SRILANKA; EA_S_AFRICA; EA_THAILLAND; EA_UAE; EA_VIETNAM; ED_ALGERIA; ED_LIBYA; ED_MYAN; ED_M_ASIA; ED_M_ASIA2; ED_PAK; ED_SAUDI; EU_AFRICA; EU_ALGERIA; EU_BENELUX; EU_GERMANY; EU_ITALY; EU_RS_AFRICA; EU_SPAIN; EU_S_AFRICA; EU_TOTAL; EU_UK; JAPAN; PARAGUAY_DTV; URUGUAY_DTV | SMGRPNAKD -> ARG_DTV; BRAZIL_DTV; CHILE_DTV; COLOMBIA; KOR; PERU_DTV; SD_MEXICO; SELA; US | SMGRPNCND -> CHI_DTV | SMGRPNEUD -> AD_AU2; AD_SINGAPOL2; CIS_CA_UZ; CIS_RUSIA; CIS_UKRAINA; ED_AFR; ED_EGYPT; ED_INA; ED_INDIA; ED_IRAN; ED_MAL; ED_PHI; ED_SIN2_MAL; ED_THAI; ED_UAE; ED_VIETNAM; EU; EU_ISRAEL; EU_TURKEY; HKG_DTV; TAIWAN,SMGATSCB -> SA_ATV; SD_CANADA | SMGDVBEUB -> AD_NZ2; CIS_CA_MS; CUBA_DTV; EA_AFRICA; EA_BANGLADESH; EA_CHINA; EA_EAST_ASIA; EA_EGYPT; EA_INDIA; EA_INDONESIA; EA_IRAN; EA_LIBYA; EA_MALAYSIA; EA_MIDDLE_ASIA; EA_NEPAL; EA_PAKISTAN; EA_PHI; EA_SAUDI; EA_SRILANKA; EA_S_AFRICA; EA_THAILLAND; EA_UAE; EA_VIETNAM; ED_ALGERIA; ED_LIBYA; ED_MYAN; ED_M_ASIA; ED_M_ASIA2; ED_PAK; ED_SAUDI; EU_AFRICA; EU_ALGERIA; EU_BENELUX; EU_GERMANY; EU_ITALY; EU_RS_AFRICA; EU_SPAIN; EU_S_AFRICA; EU_TOTAL; EU_UK; JAPAN; PARAGUAY_DTV; URUGUAY_DTV | SMGROPAKF -> ARG_DTV; BRAZIL_DTV; CHILE_DTV; COLOMBIA; KOR; PERU_DTV; SD_MEXICO; SELA; US | SMGROPCNF -> CHI_DTV | SMGROPEUF -> AD_AU2; AD_SINGAPOL2; CIS_CA_UZ; CIS_RUSIA; CIS_UKRAINA; ED_AFR; ED_EGYPT; ED_INA; ED_INDIA; ED_IRAN; ED_MAL; ED_PHI; ED_THAI; ED_UAE; ED_VIETNAM; EU; EU_ISRAEL; EU_TURKEY; HKG_DTV; TAIWAN | SMGRPNEUD -> ED_SIN2_MAL
roon.support,false -> ALL,NA
airplay.homekit_support,false -> ALL,NA
setting.helptext.abouttv_type,NA,0 -> ALL
product.lfd.sbox.ethernet_hub_support,false -> ALL,NA
tap_service.tap_connect_support,false -> ALL,true -> ALL
externin.is_earc_supported,NA,true -> ALL
soc.fps_doubling_for_vsp_support,false -> ALL,NA
network.captive_portal_support,false -> ALL,NA
bluetooth.mouse_keyboard_connected_oobepage_support,false -> ALL,true -> ALL
iot_hub.module_vendor,0 -> ALL,NA
mls_support,NA,false -> ALL
setting.menuitem.offtime.support,NA,true -> ALL
product.native_screen_fit_support,false -> ALL,NA
full_preloading_support,NA,false -> ALL
youtube.power_on_from_youtube_button,false -> ALL,NA
setting.menuitem.dynamic_brightness_support,false -> ALL,NA
ai_sound.sound_agent_support,false -> ALL,NA
acm.iamf_support,false -> ALL,NA
product.adminitem_ch_seamless_switch_support,false -> ALL,NA
sound.symphony_always_support,false -> ALL,NA
multiview.mirroring_support,true -> ALL,NA
product.3color_led_indicator_support,false -> ALL,NA
boot.rw_reset_trigger,NA,false -> ALL
setting.menuitem.display_logo_support,NA,true -> ALL
product.deny_italy_regulation,false -> ALL,true -> ED_SIN2_MAL | false -> REST
setting.menuitem.filmmode.help_string,NA,TV_SID_PICTURE_MAKE_FRAME_TRANSITIONS_OLDER_VIDEO_SMOOTHER_576I_MSG_RTLNEWLINE -> AD_AU2; AD_NZ2; AD_SINGAPOL2; ARG_DTV; BRAZIL_DTV; CHILE_DTV; CHI_DTV; CIS_CA_MS; CIS_CA_UZ; CIS_RUSIA; CIS_UKRAINA; COLOMBIA; CUBA_DTV; EA_AFRICA; EA_BANGLADESH; EA_CHINA; EA_EAST_ASIA; EA_EGYPT; EA_INDIA; EA_INDONESIA; EA_IRAN; EA_LIBYA; EA_MALAYSIA; EA_MIDDLE_ASIA; EA_NEPAL; EA_PAKISTAN; EA_PHI; EA_SAUDI; EA_SRILANKA; EA_S_AFRICA; EA_THAILLAND; EA_UAE; EA_VIETNAM; ED_AFR; ED_ALGERIA; ED_EGYPT; ED_INA; ED_INDIA; ED_IRAN; ED_LIBYA; ED_MAL; ED_MYAN; ED_M_ASIA; ED_M_ASIA2; ED_PAK; ED_PHI; ED_SAUDI; ED_SIN2_MAL; ED_THAI; ED_UAE; ED_VIETNAM; EU; EU_AFRICA; EU_ALGERIA; EU_BENELUX; EU_GERMANY; EU_ISRAEL; EU_ITALY; EU_RS_AFRICA; EU_SPAIN; EU_S_AFRICA; EU_TOTAL; EU_TURKEY; EU_UK; HKG_DTV; JAPAN; PARAGUAY_DTV; PERU_DTV; SA_ATV; SELA; TAIWAN; URUGUAY_DTV | TV_SID_PICTURE_MAKE_FRAME_TRANSITIONS_OLDER_VIDEO_SMOOTHER_MSG -> KOR; SD_CANADA; SD_MEXICO; US
product.lfd.sbox.video_pentile_edge_sharpness_support,false -> ALL,NA
setting.menuitem.shadow_detail_support,NA,true -> ALL
smartthings.mobile_feature_mode,0 -> ALL,NA
uart_ir_blaster_supported,NA,false -> ALL
acm.sw_ptp_supported,false -> ALL,NA
setting.menuitem.picture_mode_option_support,NA,true -> ALL
ai_sound.sound_agent_version,0 -> ALL,NA
product.sensory_friendly_sound_suppport,false -> ALL,NA
uifw.avatar_framework,NA,true -> ALL
googlecast.support,false -> ALL,true -> ALL
tizen_automotive_platform.support,false -> ALL,NA
contents_recognition.game_title_detector_support,true -> ALL,NA
product.woc_wifi_region,0 -> ALL,NA
ai_explorer.support,false -> ALL,NA
product.low_power_wifi_support,false -> ALL,NA
av_highlight_supported,NA,true -> ARG_DTV; BRAZIL_DTV; CHILE_DTV; CHI_DTV; CIS_CA_MS; CIS_CA_UZ; CIS_RUSIA; CIS_UKRAINA; COLOMBIA; CUBA_DTV; EA_AFRICA; EA_BANGLADESH; EA_CHINA; EA_EAST_ASIA; EA_EGYPT; EA_INDIA; EA_INDONESIA; EA_IRAN; EA_LIBYA; EA_MALAYSIA; EA_MIDDLE_ASIA; EA_NEPAL; EA_PAKISTAN; EA_PHI; EA_SAUDI; EA_SRILANKA; EA_S_AFRICA; EA_THAILLAND; EA_UAE; EA_VIETNAM; ED_AFR; ED_ALGERIA; ED_EGYPT; ED_INA; ED_INDIA; ED_IRAN; ED_LIBYA; ED_MAL; ED_MYAN; ED_M_ASIA; ED_M_ASIA2; ED_PAK; ED_PHI; ED_SAUDI; ED_THAI; ED_UAE; ED_VIETNAM; HKG_DTV; JAPAN; PARAGUAY_DTV; PERU_DTV; SA_ATV; SD_MEXICO; SELA; URUGUAY_DTV | false -> REST
sc_type,9 -> ALL,10 -> ALL
ai_tech.adaptive_picture_no_sensor_support,false -> ALL,NA
bluetooth.smartview_buds_switching_support,true -> ALL,NA
wa_apps.non_standard_stereo_type,0 -> ALL,NA
product.lfd.sbox.video_fpga_update_start_offset,0x0000000 -> ALL,NA
aod.remote_trigger_support,false -> ALL,true -> ALL
product.lfd.sbox.vp_high_frame_rate_mode_support,false -> ALL,NA
knox_browser.win365_support,false -> ALL,NA
wa_apps.is_gamepro_sound_supported,true -> ALL,NA
setting.support.finding_serialnumber_guide,NA,SID_THE_SERIAL_AND_VERSION_NUMBERS_CAN_BE_FOUND_ON_THE_STICKER_ON_THE_RIGHT_OR_BACK_SIDE_OF_YOUR_TV -> ALL
eden.show_unconfigured_livetv,true -> AD_AU2 | false -> REST,NA
security.uaf_support_level,1 -> ALL,NA
auto_stand_supported,NA,false -> ALL
wa_apps.auto_volume_support,false -> ALL,NA
broadcasting.certification.satellite.prosieben,true -> ALL,NA
product.multicode_remote_control_support,NA,false -> ALL
