﻿id,name,tizenVersion,branchType,path,from,registered
"1","[TIZENPROD_Prj]","10.0","Main","//TIZEN/[MAIN]/[TIZENPROD_Prj]/[FET]/[COSMOS]/PLATFORM/","//TIZEN_5.0/[MAIN2019]/[PROD2019_Prj]/[INT]/","true"
"20","[Trunk_2023_MP_Prj]","7.0","Prod","//TIZEN/[Product2023]/[Trunk_2023_MP_Prj]/[INT]/","//TIZEN/[MAIN]/[ONEPROD_Prj]/[FET]/[COSMOS]/","true"
"21","[Trunk_AV_2023_MP_Prj]","7.0","Prod","//TIZEN/[Product2023]/[Trunk_AV_2023_MP_Prj]/[INT]/","//TIZEN/[MAIN]/[ONEPROD_Prj]/[FET]/[COSMOS]/","true"
"23","[LICENSE_TV_2023_MP_Prj]","7.0","Prod","//TIZEN/[Product2023]/[LICENSE_TV_2023_MP_Prj]/[INT]/","//TIZEN/[MAIN]/[ONEPROD_Prj]/[FET]/[COSMOS]/","true"
"24","[Trunk_2023_KantSU2E_MP_Prj]","7.0","Prod","//TIZEN/[Product2023]/[Trunk_2023_KantSU2E_MP_Prj]/[INT]/","//TIZEN/[Product2023]/[Trunk_2023_MP_Prj]/[INT]/","true"
"25","[Trunk_2023_MicroLED_MP_Prj]","7.0","Prod","//TIZEN/[Product2023]/[Trunk_2023_MicroLED_MP_Prj]/[INT]/","//TIZEN/[Product2023]/[Trunk_2023_MP_Prj]/[INT]/","true"
"26","[Trunk_2023_SmartMonitor_MP_Prj]","7.0","Prod","//TIZEN/[Product2023]/[Trunk_2023_SmartMonitor_MP_Prj]/[INT]/","//TIZEN/[Product2023]/[Trunk_2023_MP_Prj]/[INT]/","true"
"27","[Trunk_2023_BizTV_MP_Prj]","7.0","Prod","//TIZEN/[Product2023]/[Trunk_2023_BizTV_MP_Prj]/[INT]/","//TIZEN/[Product2023]/[Trunk_2023_MP_Prj]/[INT]/","true"
"28","[Trunk_2023_HotelTV_MP_Prj]","7.0","Prod","//TIZEN/[Product2023]/[Trunk_2023_HotelTV_MP_Prj]/[INT]/","//TIZEN/[Product2023]/[Trunk_2023_MP_Prj]/[INT]/","true"
"29","[AoT_2023_MP_Prj]","7.0","Prod","//TIZEN/[Product2023]/[AoT_2023_MP_Prj]/[INT]/","//TIZEN/[Product2023]/[Trunk_2023_MP_Prj]/[INT]/","true"
"30","[Enterprise_Trunk_2023_MP_Prj]","7.0","Prod","//TIZEN/[Product2023]/[Enterprise_Trunk_2023_MP_Prj]/[INT]/","//TIZEN/[MAIN]/[ONEPROD_Prj]/[FET]/[COSMOS]/","true"
"31","[Trunk_2023_Terrace_MP_Prj]","7.0","Prod","//TIZEN/[Product2023]/[Trunk_2023_Terrace_MP_Prj]/[INT]/","//TIZEN/[Product2023]/[Trunk_2023_MP_Prj]/[INT]/","true"
"32","[Trunk_2023_8KPremiere_MP_Prj]","7.0","Prod","//TIZEN/[Product2023]/[Trunk_2023_8KPremiere_MP_Prj]/[INT]/","//TIZEN/[Product2023]/[Trunk_2023_MP_Prj]/[INT]/","true"
"35","[Trunk_2024_MP_Prj]","8.0","Prod","//TIZEN/[Product2024]/[Trunk_2024_MP_Prj]/[INT]/PLATFORM/","//TIZEN/[MAIN]/[TIZENPROD_Prj]/[FET]/[COSMOS]/PLATFORM/","true"
"36","[Trunk_AV_2024_MP_Prj]","8.0","Prod","//TIZEN/[Product2024]/[Trunk_AV_2024_MP_Prj]/[INT]/PLATFORM/","//TIZEN/[MAIN]/[TIZENPROD_Prj]/[FET]/[COSMOS]/PLATFORM/","true"
"38","[LICENSE_TV_2024_MP_Prj]","8.0","Prod","//TIZEN/[Product2024]/[LICENSE_TV_2024_MP_Prj]/[INT]/PLATFORM/","//TIZEN/[Product2024]/[Trunk_2024_MP_Prj]/[INT]/PLATFORM/","true"
"39","[Trunk_2024_SmartMonitor_MP_Prj]","8.0","Prod","//TIZEN/[Product2024]/[Trunk_2024_SmartMonitor_MP_Prj]/[INT]/PLATFORM/","//TIZEN/[Product2024]/[Trunk_2024_MP_Prj]/[INT]/PLATFORM/","true"
"41","[Trunk_2024_EnterpriseTV_MP_Prj]","8.0","Prod","//TIZEN/[Product2024]/[Trunk_2024_EnterpriseTV_MP_Prj]/[INT]/PLATFORM/","//TIZEN/[Product2024]/[Trunk_2024_MP_Prj]/[INT]/PLATFORM/","true"
"42","[Enterprise_Trunk_2024_MP_Prj]","8.0","Prod","//TIZEN/[Product2024]/[Enterprise_Trunk_2024_MP_Prj]/[INT]/PLATFORM/","//TIZEN/[MAIN]/[TIZENPROD_Prj]/[FET]/[COSMOS]/PLATFORM/","true"
"43","[OSU_Trunk2023_T80_Prj]","8.0","Prod","//TIZEN/[Product2023]/[OSU_Trunk2023_T80_Prj]/[INT]/PLATFORM/","//TIZEN/[Product2024]/[Trunk_2024_MP_Prj]/[INT]/PLATFORM/","true"
"45","[Trunk_2024_MonitorRC_MP_Prj]","8.0","Prod","//TIZEN/[Product2024]/[Trunk_2024_MonitorRC_MP_Prj]/[INT]/PLATFORM/","//TIZEN/[Product2024]/[Trunk_2024_MP_Prj]/[INT]/PLATFORM/","true"
"46","[Trunk_2024_Premiere2_MP_Prj]","8.0","Prod","//TIZEN/[Product2024]/[Trunk_2024_Premiere2_MP_Prj]/[INT]/PLATFORM/","//TIZEN/[Product2024]/[Trunk_2024_MP_Prj]/[INT]/PLATFORM/","true"
"47","[Trunk_2024_RoseSF_MP_Prj]","8.0","Partial","//TIZEN/[Product2024]/[Trunk_2024_RoseSF_MP_Prj]/[INT]/PLATFORM/","//TIZEN/[Product2024]/[Trunk_2024_MP_Prj]/[INT]/PLATFORM/","true"
"48","[Trunk_2024_HotelTV_AoT_MP_Prj]","8.0","Partial","//TIZEN/[Product2024]/[Trunk_2024_HotelTV_AoT_MP_Prj]/[INT]/PLATFORM/","//TIZEN/[Product2024]/[Trunk_2024_MP_Prj]/[INT]/PLATFORM/","true"
"49","[Trunk_2024_BizTV98_MP_Prj]","8.0","Partial","//TIZEN/[Product2024]/[Trunk_2024_BizTV98_MP_Prj]/[INT]/PLATFORM/","//TIZEN/[Product2024]/[Trunk_2024_MP_Prj]/[INT]/PLATFORM/","true"
"50","[Trunk_2025_MP_Prj]","9.0","Prod","//TIZEN/[MP_T09_2025]/[Trunk_2025_MP_Prj]/[INT]/PLATFORM/","//TIZEN/[MAIN]/[TIZENPROD_Prj]/[FET]/[COSMOS]/PLATFORM/","true"
"51","[Trunk_AV_2025_MP_Prj]","9.0","Prod","//TIZEN/[MP_T09_2025]/[Trunk_AV_2025_MP_Prj]/[INT]/PLATFORM/","//TIZEN/[MAIN]/[TIZENPROD_Prj]/[FET]/[COSMOS]/PLATFORM/","true"
"53","[LICENSE_TV_2024_CO_MP_Prj]","8.0","Prod","//TIZEN/[Product2024]/[LICENSE_TV_2024_CO_MP_Prj]/[INT]/PLATFORM/","//TIZEN/[Product2024]/[LICENSE_TV_2024_MP_Prj]/[INT]/PLATFORM/","true"
"54","[SmartMonitor_2025_MP_Prj]","9.0","Prod","//TIZEN/[MP_T09_2025]/[SmartMonitor_2025_MP_Prj]/[INT]/PLATFORM/","//TIZEN/[MP_T09_2025]/[Trunk_2025_MP_Prj]/[INT]/PLATFORM/","true"
"55","[Ballie_2025_MP_Prj]","9.0","Partial","//TIZEN/[MP_T09_2025]/[Ballie_2025_MP_Prj]/[INT]/PLATFORM/","//TIZEN/[MP_T09_2025]/[Trunk_2025_MP_Prj]/[INT]/PLATFORM/","true"
"56","[KantSu2e_AOT_2025_MP_Prj]","9.0","Partial","//TIZEN/[MP_T09_2025]/[KantSu2e_AOT_2025_MP_Prj]/[INT]/PLATFORM/","//TIZEN/[MP_T09_2025]/[Trunk_2025_MP_Prj]/[INT]/PLATFORM/","true"
"57","[Projector_2025_MP_Prj]","9.0","Partial","//TIZEN/[MP_T09_2025]/[Projector_2025_MP_Prj]/[INT]/PLATFORM/","//TIZEN/[MP_T09_2025]/[Trunk_2025_MP_Prj]/[INT]/PLATFORM/","true"
"58","[BizTV_2025_MP_Prj]","9.0","Partial","//TIZEN/[MP_T09_2025]/[BizTV_2025_MP_Prj]/[INT]/PLATFORM/","//TIZEN/[MP_T09_2025]/[Trunk_2025_MP_Prj]/[INT]/PLATFORM/","true"
"59","[HotelTV_2025_MP_Prj]","9.0","Partial","//TIZEN/[MP_T09_2025]/[HotelTV_2025_MP_Prj]/[INT]/PLATFORM/","//TIZEN/[MP_T09_2025]/[Trunk_2025_MP_Prj]/[INT]/PLATFORM/","true"
"60","[X22UD_2025_MP_Prj]","9.0","Partial","//TIZEN/[MP_T09_2025]/[X22UD_2025_MP_Prj]/[INT]/PLATFORM/","//TIZEN/[MP_T09_2025]/[Trunk_2025_MP_Prj]/[INT]/PLATFORM/","true"
"61","[RoseP_4K_2025_MP_Prj]","9.0","Partial","//TIZEN/[MP_T09_2025]/[RoseP_4K_2025_MP_Prj]/[INT]/PLATFORM/","//TIZEN/[MP_T09_2025]/[Trunk_2025_MP_Prj]/[INT]/PLATFORM/","true"
"62","[Enterprise_Trunk_2025_MP_Prj]","9.0","Prod","//TIZEN/[MP_T09_2025]/[Enterprise_Trunk_2025_MP_Prj]/[INT]/PLATFORM/","//TIZEN/[MAIN]/[TIZENPROD_Prj]/[FET]/[COSMOS]/PLATFORM/","true"
"64","[MR95F_4K_2025_MP_Prj]","9.0","Partial","//TIZEN/[MP_T09_2025]/[MR95F_4K_2025_MP_Prj]/[INT]/PLATFORM/","//TIZEN/[MP_T09_2025]/[Trunk_2025_MP_Prj]/[INT]/PLATFORM/","true"
"65","[RoseL_QN60H_2025_MP_Prj]","9.0","Partial","//TIZEN/[MP_T09_2025]/[RoseL_QN60H_2025_MP_Prj]/[INT]/PLATFORM/","//TIZEN/[MP_T09_2025]/[Trunk_2025_MP_Prj]/[INT]/PLATFORM/","true"
"66","[OscarP_MBOX_2025_MP_Prj]","9.0","Partial","//TIZEN/[MP_T09_2025]/[OscarP_MBOX_2025_MP_Prj]/[INT]/PLATFORM/","//TIZEN/[MP_T09_2025]/[Trunk_2025_MP_Prj]/[INT]/PLATFORM/","true"
