﻿id,type,name,workAssignment,workAssignmentOwner,categories,description,defaultValue,defaultValueType,dependency(Model),dependency(LocalSet),modifiedDate
"134758","FeatureConf","com.samsung/featureconf/activity_inference.localization_support","TP_ActivityInference","donghuny.lee","All Items > FeatureConf > activity_inference","This key addresses whether user localization is supportable or not.
It's only validated where the device has the '21 radar sensor.","false","Boolean","T","F","2021-12-06T16:06:43"
"5236","FeatureConf","com.samsung/featureconf/ai_tech_support","TP_ScreenEffector","dy.chu","All Items > FeatureConf","unused

unused","false","Boolean","T","F","2019-08-27T16:17:33"
"19088","FeatureConf","com.samsung/featureconf/alexa_service.lwa_product_id","TP_WapApps","hyeyoung.cha","User Custom > Custom > Org.Chart > SRID
All Items > FeatureConf > alexa_service","For Alexa LWA (login with amazon) login, corresponding to model, we need to provide productid to mobile app.
So 'value description' field contains the model name and corresponding productID value.

21 yr model mapping is defined as below
Model        Value
S60T      S60T_PRD
S61T      S60T_PRD
Q800T    Q800T_PRD
Q850T    Q800T_PRD
Q70T      Q70T_PRD
Q900T    Q900T_PRD
Q950T    Q950T_PRD
21 yr model mapping is defined as below

S60A   	S60A   
Q700A	Q700A
Q800A	Q800A
Q900A	Q900A
Q950A	Q950A



","","String","T","F","2024-03-12T20:27:41"
"118597","FeatureConf","com.samsung/featureconf/aov.support","TP_AlwaysOnVoice","dh0.kang","All Items > FeatureConf > aov","This item configures whether the AOV (Always On Voice) function is support or not

Default : OFF
TV, Q 9~7 series : ON
This FMS value is supported from 21 year product.","false","Boolean","T","F","2021-12-20T14:29:16"
"189125","FeatureConf","com.samsung/featureconf/artapp.tlog_support","TP_ArtApp","ssec.song","All Items > FeatureConf > artapp","This key configures whether tLog feature is enabled or not
Default : false
Odyssey Ark(G97NB) : true","false","Boolean","T","F","2022-09-16T07:34:11"
"5151","FeatureConf","com.samsung/featureconf/auto_stand_supported","Prd_AllProducts","parkky98","All Items > FeatureConf","Auto stand Support

False","false","Boolean","F","F","2025-06-16T18:39:34"
"5685","FeatureConf","com.samsung/featureconf/autodetection.config_country_id","TP_DeviceDetector","amanpreet1.k","User Custom > Custom > Org.Chart > SRID
All Items > FeatureConf > autodetection","Assign a number to country according to codeset

Default : 11
US = 1
KOR = 2
EU = 3
POLAND = 4
ITALY = 5
FRANCE = 6
GER = 7
BENELUX = 8
SPAIN = 9 
UK = 10","11","Int","F","T","2020-11-25T20:09:25"
"8815","FeatureConf","com.samsung/featureconf/autodetection.quickset_supported","TP_DeviceDetector","amanpreet1.k","User Custom > Custom > Org.Chart > SRID
All Items > FeatureConf > autodetection","The return value is used to determine if Quickset is supported or not based on the product

If Product is TV : set to TRUE
Else : false
Value will be FALSE for B2B TV (HTV, Biz TV)","false","Boolean","T","F","2020-11-25T20:09:45"
"5194","FeatureConf","com.samsung/featureconf/av_highlight_supported","Prd_AllProducts","parkky98","All Items > FeatureConf","Soccer Mode PVR support

ATSC image : SD_MEXICA : True, Others : False
DVB image : CIS_RUSSIA, CIS_UKR, CIS_CA_MS, CIS_CA_UZ : True, Others : False
ISDB image : AD_AU2, AD_NZ2, AD_SIN2, TAIWAN : False, Others : True
Signage, IWB : False","false","Boolean","T","T","2025-06-16T17:40:37"
"7564","FeatureConf","com.samsung/featureconf/avbleapp.advertising_icon_type","TP_WapApps","hyeyoung.cha","User Custom > Custom > Org.Chart > Suwon
User Custom > Custom > Org.Chart > Suwon > TV S/W Lab
All Items > FeatureConf > avbleapp","This item icon type showing in st app when devices is advertising through BLE

Default : 0
Soundbar : 6
Network audio : 3
AI Speaker : 3
Music(Sound) Frame : 7","0","Int","T","F","2025-08-05T15:29:55"
"12868","FeatureConf","com.samsung/featureconf/avoc.is_dither_supported","TP_WapAvoc","s.avinash","User Custom > Custom > Org.Chart > SRID
All Items > FeatureConf > avoc","This key will control the Dither Feature Enable/Disable.

Sound Bar Line Up              Dither Support (True/False) 
LA70T                                   True
LA60T                                   True
LA61T                                   True
Q80T                                    True
Q70T                                    True","false","Boolean","T","F","2021-12-07T11:01:01"
"8680","FeatureConf","com.samsung/featureconf/bluetooth_supported","TP_BluetoothSetup","sangmink.kim","All Items > FeatureConf","Support Bluetooth

Default : ON
Off : UT5300/UT4300, HTF550, BET_FHD, BET_HD","true","Boolean","T","T","2019-11-05T19:17:27"
"215517","FeatureConf","com.samsung/featureconf/boot.rw_reset_trigger","Prd_AllProducts","parkky98","All Items > FeatureConf > boot","Definition supported to trigger RW reset function at the time TV boot.
- temporary used for service image of carry over model SW upgrade
- it is used for decision of flash reset call by deviced
- can not be enabled by this key only
It will be used only for 
store demo upgrade of carry over model in 2022Y
target OTN for customer request Tizen6.5 upgrade of carry over model in 2022Y
","false","Boolean","T","F","2025-06-16T17:40:57"
"45025","FeatureConf","com.samsung/featureconf/bootservice.logo_filename","TP_VO_Performance","ckid.chae","User Custom > Custom > Org.Chart > Suwon > TV S/W Lab
All Items > FeatureConf > bootservice","Boot logo file name according to TV model

Default : boot_logo_uhdtv.bmp
Normal TV : boot_logo_uhdtv.bmp
QLED TV : boot_logo_qledtv.bmp
The Frame : boot_logo_theframe.bmp
The Frame `32 : boot_logo_theframe.bmp|boot_logo_theframe_vertical.bmp
QLED 8K TV : boot_logo_qled8ktv.bmp
The Serif : boot_logo_theserif.bmp
The Wall : boot_logo_thewall.bmp
The Sero : boot_logo_thesero.bmp|boot_logo_thesero_vertical.bmp
The Outdoor : boot_logo_outdoor.bmp","boot_logo_uhdtv.bmp","String","T","F","2021-02-02T17:19:38"
"15026","FeatureConf","com.samsung/featureconf/bootservice.logo_mode","TP_VO_Performance","ckid.chae","User Custom > Custom > Org.Chart > Suwon > TV S/W Lab
All Items > FeatureConf > bootservice","get logo mode for coldboot according to product
	FL_LOGO_MODE_NORMAL = 0,	 /**< UHD logo */
	FL_LOGO_MODE_SUHD = 1,			/**< Qled logo */
	FL_LOGO_MODE_FRAME = 2,			/**< FrameTV logo*/
	FL_LOGO_MODE_8K = 3,			/**< 8K logo*/
	FL_LOGO_MODE_SERIF = 4,			/**< Serif logo*/
	FL_LOGO_MODE_WALL = 5,			/**< Wall mode*/
	FL_LOGO_MODE_SERO = 6,			/**< Sero mode*/
        FL_LOGO_MODE_OUTDOOR = 7,          /**< Outdoor mode*/

( Model dependency )
Default  : 0
QLED_4K : 1
Frame : 2
QLED_8K : 3
Serif : 4
WALL : 5
SERO : 6
OUTDOOR : 7","0","Int","T","F","2020-08-14T12:03:27"
"5495","FeatureConf","com.samsung/featureconf/broadcasting.broadcastingmenu.hdmi_information_support","TP_BroadcastingMenu","l.bakiera","All Items > FeatureConf > broadcasting > broadcastingmenu","Configures if HDMI signal information avaible

Default : true
URU7000, UR5500, UR4500, HRU630, HTU650, HTF550, BHT, BMT, BBT : false ","true","Boolean","T","F","2020-04-06T11:14:28"
"4856","FeatureConf","com.samsung/featureconf/broadcasting.tvs.pip_support_region","TP_TVS_TPMS","t.duda2","All Items > FeatureConf > broadcasting > tvs","Check regions when AV source is available for PIP

Default: false
region support PIP: true","false","Boolean","F","T","2021-11-18T21:13:48"
"122393","FeatureConf","com.samsung/featureconf/broadcasting.tvs.support_external_source","TP_TVS_TPMS","t.duda2","All Items > FeatureConf > broadcasting > tvs","Include codes for supporting External Source Profile

Default : true

※ After discussing with product team, models will be decided for setting 'false'","true","Boolean","F","F","2021-12-10T07:07:45"
"122389","FeatureConf","com.samsung/featureconf/broadcasting.tvs.support_rf_channel","TP_TVS_TPMS","t.duda2","All Items > FeatureConf > broadcasting > tvs","Include codes for supporting TV Channel Profile

Default : false
TV model : true","false","Boolean","T","F","2021-12-10T07:07:37"
"122397","FeatureConf","com.samsung/featureconf/broadcasting.tvs.support_virtual_channel","TP_TVS_TPMS","t.duda2","All Items > FeatureConf > broadcasting > tvs","Include codes for supporting Virtual Channel Profile

Default : false
TV, LFD, WALL model : true","false","Boolean","T","F","2021-12-10T07:07:27"
"5501","FeatureConf","com.samsung/featureconf/channel_search.check_source_state","TP_ChannelSearch","hwachin.hong","User Custom > Custom > Org.Chart > SRPOL
All Items > FeatureConf > channel_search","If product type is LFD, check tv source

1 : LFD product
0 : No LFD product","false","Boolean","T","F","2019-10-31T10:29:28"
"5174","FeatureConf","com.samsung/featureconf/check_wifi_vendor","TP_VDConnection","ay.agarwal","User Custom > Custom > Org.Chart > Suwon > TV S/W Lab
All Items > FeatureConf","This item configures wifi chip vendor.

This value depends on product model.","8","Int","T","T","2019-09-17T17:30:39"
"8781","FeatureConf","com.samsung/featureconf/cpumips","TP_SP_CoreInt","tukho.kim","All Items > FeatureConf","This item to retrieve the capacity of the TV board CPU in DMIPS (Millions of Instructions Per Second) for gingancl pacakge

Nike-M : 32096
Nike-L : 22560
Kant-S2 : 10120
Kant-SU2 : 15160
Kant-SU2e : 12500
Nike-M2 : 32096
Oscar-P : 49088","0","Int","T","F","2020-12-03T13:53:28"
"5209","FeatureConf","com.samsung/featureconf/cx_core_cable_detection","TP_SourceListService","yh_46.kim","User Custom > Custom > Org.Chart > Suwon > TV S/W Lab
All Items > FeatureConf","Check if cxcore cable detected or not

Default : false
Detected : true","false","Boolean","T","F","2019-09-17T17:31:44"
"4422","FeatureConf","com.samsung/featureconf/data_service_string_hbb","TP_HbbTV","m.purchla","User Custom > Custom > Org.Chart > SRPOL
All Items > FeatureConf","This flag determines the menu label describing the data service being in use.

True by default, false for Korean local set.","true","Boolean","F","T","2022-01-04T00:02:37"
"4478","FeatureConf","com.samsung/featureconf/davinci.media_usb.supported_type","TestEngine_Tizen","weehyuk.lee","All Items > FeatureConf > davinci > media_usb","media usb supported type

default : -1
TV : 0","-1","Int","T","F","2024-06-03T10:58:54"
"4481","FeatureConf","com.samsung/featureconf/davinci.menu.feature_group","TestEngine_Tizen","weehyuk.lee","","configure menu navigation feature group

alias of system_info_get_local_string","LOCALSET_ERR","String","F","T","2019-08-22T19:56:53"
"4404","FeatureConf","com.samsung/featureconf/davinci_local_set_enum","TestEngine_Tizen","weehyuk.lee","","configuration value for local set decision.

default : -1
rest of values are as follows :
typedef enum
{
	SYSTEM_INFO_LOCALSET_UNKNOWN = -1,
	SYSTEM_INFO_LOCALSET_ATSC_NONE,
	SYSTEM_INFO_LOCALSET_US,
	SYSTEM_INFO_LOCALSET_KOR,
	SYSTEM_INFO_LOCALSET_SD_MEXICO,
	SYSTEM_INFO_LOCALSET_SD_CANADA,
	SYSTEM_INFO_LOCALSET_CARRIBE,
	SYSTEM_INFO_LOCALSET_DVB_NONE,
	SYSTEM_INFO_LOCALSET_EU,
	SYSTEM_INFO_LOCALSET_EU_ITALY,
	SYSTEM_INFO_LOCALSET_EU_GERMANY,
	SYSTEM_INFO_LOCALSET_EU_FRANCE,
	SYSTEM_INFO_LOCALSET_EU_BENELUX,
	SYSTEM_INFO_LOCALSET_EU_SPAIN,
	SYSTEM_INFO_LOCALSET_EU_UK,
	SYSTEM_INFO_LOCALSET_CIS_CA_MS,
	SYSTEM_INFO_LOCALSET_NORDIC,
	SYSTEM_INFO_LOCALSET_CIS_RUSIA,
	SYSTEM_INFO_LOCALSET_CIS_UKRAINA,
	SYSTEM_INFO_LOCALSET_EU_TURKEY,
	SYSTEM_INFO_LOCALSET_EU_AFRICA,
	SYSTEM_INFO_LOCALSET_EU_ALGERIA,
	SYSTEM_INFO_LOCALSET_EU_S_AFRICA,
	SYSTEM_INFO_LOCALSET_EU_POLAND,
	SYSTEM_INFO_LOCALSET_CIS_CA_UZ,
	SYSTEM_INFO_LOCALSET_CHI_DTV,
	SYSTEM_INFO_LOCALSET_HKG_DTV,
	SYSTEM_INFO_LOCALSET_DVB_ISDB_NONE,
	SYSTEM_INFO_LOCALSET_AD_AU,
	SYSTEM_INFO_LOCALSET_AD_NZ,
	SYSTEM_INFO_LOCALSET_AD_SINGAPOL,
	SYSTEM_INFO_LOCALSET_AD_AU2,
	SYSTEM_INFO_LOCALSET_AD_NZ2,
	SYSTEM_INFO_LOCALSET_AD_SINGAPOL2,
	SYSTEM_INFO_LOCALSET_EA_VIETNAM,
	SYSTEM_INFO_LOCALSET_EA_THAILLAND,
	SYSTEM_INFO_LOCALSET_EA_INDONESIA,
	SYSTEM_INFO_LOCALSET_EA_CHINA,
	SYSTEM_INFO_LOCALSET_EA_INDIA,
	SYSTEM_INFO_LOCALSET_EA_SRILANKA,
	SYSTEM_INFO_LOCALSET_EA_NEPAL,
	SYSTEM_INFO_LOCALSET_EA_BANGLADESH,
	SYSTEM_INFO_LOCALSET_EA_IRAN,
	SYSTEM_INFO_LOCALSET_EA_ISRAEL,
	SYSTEM_INFO_LOCALSET_EA_EGYPT,
	SYSTEM_INFO_LOCALSET_EA_LIBYA,
	SYSTEM_INFO_LOCALSET_EA_CIS,
	SYSTEM_INFO_LOCALSET_EA_MIDDLE_ASIA,
	SYSTEM_INFO_LOCALSET_EA_SAUDI,
	SYSTEM_INFO_LOCALSET_EA_PAKISTAN,
	SYSTEM_INFO_LOCALSET_EA_EAST_ASIA,
	SYSTEM_INFO_LOCALSET_EA_AFRICA,
	SYSTEM_INFO_LOCALSET_EA_S_AFRICA,
	SYSTEM_INFO_LOCALSET_EA_MALAYSIA,
	SYSTEM_INFO_LOCALSET_EA_PHI,
	SYSTEM_INFO_LOCALSET_EA_UAE,
	SYSTEM_INFO_LOCALSET_ED_IRAN,
	SYSTEM_INFO_LOCALSET_ED_VIETNAM,
	SYSTEM_INFO_LOCALSET_ED_INA,
	SYSTEM_INFO_LOCALSET_ED_ISRAEL,
	SYSTEM_INFO_LOCALSET_ED_INDIA,
	SYSTEM_INFO_LOCALSET_ED_THAI,
	SYSTEM_INFO_LOCALSET_ED_PHI,
	SYSTEM_INFO_LOCALSET_ED_EGYPT,
	SYSTEM_INFO_LOCALSET_ED_LIBYA,
	SYSTEM_INFO_LOCALSET_ED_M_ASIA,
	SYSTEM_INFO_LOCALSET_ED_SAUDI,
	SYSTEM_INFO_LOCALSET_ED_PAK,
	SYSTEM_INFO_LOCALSET_ED_AFR,
	SYSTEM_INFO_LOCALSET_ED_MYAN,
	SYSTEM_INFO_LOCALSET_ED_MAL,
	SYSTEM_INFO_LOCALSET_ED_UAE,
	SYSTEM_INFO_LOCALSET_COLOMBIA,
	SYSTEM_INFO_LOCALSET_TAIWAN,
	SYSTEM_INFO_LOCALSET_ISDB_NONE,
	SYSTEM_INFO_LOCALSET_BRAZIL_DTV,
	SYSTEM_INFO_LOCALSET_CHILE_DTV,
	SYSTEM_INFO_LOCALSET_PERU_DTV,
	SYSTEM_INFO_LOCALSET_ARG_DTV,
	SYSTEM_INFO_LOCALSET_URUGUAY_DTV,
	SYSTEM_INFO_LOCALSET_PARAGUAY_DTV,
	SYSTEM_INFO_LOCALSET_SA_ATV,
	SYSTEM_INFO_LOCALSET_SELA,
	SYSTEM_INFO_LOCALSET_JAPAN,
	SYSTEM_INFO_LOCALSET_AD_AU_NZ,
	SYSTEM_INFO_LOCALSET_AD_AU_NZ2,
	SYSTEM_INFO_LOCALSET_EU_RS_AFRICA,
	SYSTEM_INFO_LOCALSET_MAX,
	SYSTEM_INFO_LOCALSET_SA_BOLIVIA,
	SYSTEM_INFO_LOCALSET_ECUADOR_DTV,
	SYSTEM_INFO_LOCALSET_PANAMA,
	SYSTEM_INFO_LOCALSET_JP_NONE,
	SYSTEM_INFO_LOCALSET_EA_PHI2,
	SYSTEM_INFO_LOCALSET_ED_M_ASIA2,
	SYSTEM_INFO_LOCALSET_ED_ALGERIA,
	SYSTEM_INFO_LOCALSET_CUBA_DTV,
	SYSTEM_INFO_LOCALSET_EU_ISRAEL,
}system_info_localet_e;","-1","Int","F","T","2019-08-22T19:56:53"
"4407","FeatureConf","com.samsung/featureconf/davinci_local_set_string","TestEngine_Tizen","weehyuk.lee","","configuration value for local set as string.

default : 'LOCALSET_ERR'
rest of values are as follows :
static const char * localset_str[FAC_LOCALSET_JAPAN+1] =
{
	'LOCALSET_ERR', /* FAC_LOCALSET_ATSC_NONE */
	'US',	/* FAC_LOCALSET_US */
	'KOR',	/* FAC_LOCALSET_KOR */
	'SD_MEXICO',	/* FAC_LOCALSET_SD_MEXICO */
	'SD_CANADA',	/* FAC_LOCALSET_SD_CANADA */
	'LOCALSET_ERR', /* FAC_LOCALSET_DVB_NONE */
	'EU',	/* FAC_LOCALSET_EU */
	'EU_ITALY', /* FAC_LOCALSET_EU_ITALY */
	'EU_GER',	/* FAC_LOCALSET_EU_GERMANY */
	'EU_BENELUX',	/* FAC_LOCALSET_EU_BENELUX */
	'EU_SPAIN', /* FAC_LOCALSET_EU_SPAIN */
	'EU_UK',	/* FAC_LOCALSET_EU_UK */
	'CIS_CA_MS',	/* FAC_LOCALSET_CIS_CA_MS */
	'CIS_RUSSIA',	/* FAC_LOCALSET_CIS_RUSIA */
	'CIS_UKR',	/* FAC_LOCALSET_CIS_UKRAINA */
	'EU_TURKEY',	/* FAC_LOCALSET_EU_TURKEY */
	'EU_AFRICA',	/* FAC_LOCALSET_EU_AFRICA */
	'EU_ALGERIA',	/* FAC_LOCALSET_EU_ALGERIA */
	'EU_S_AFR', /* FAC_LOCALSET_EU_S_AFRICA */
	'CIS_CA_UZ',	/* FAC_LOCALSET_CIS_CA_UZ */
	'EU_RS_AFR',	/* FAC_LOCALSET_EU_RS_AFRICA */
	'EU_ISRAEL',	/* FAC_LOCALSET_EU_ISRAEL */
	'LOCALSET_ERR', /* FAC_LOCALSET_DVB_ISDB_NONE */
	'AD_AU2',	/* FAC_LOCALSET_AD_AU2 */
	'AD_NZ2',	/* FAC_LOCALSET_AD_NZ2 */
	'AD_SIN2',	/* FAC_LOCALSET_AD_SINGAPOL2 */
	'EA_VIET',	/* FAC_LOCALSET_EA_VIETNAM */
	'EA_THAI',	/* FAC_LOCALSET_EA_THAILLAND */
	'EA_INA',	/* FAC_LOCALSET_EA_INDONESIA */
	'EA_CHINA', /* FAC_LOCALSET_EA_CHINA */
	'EA_INDIA', /* FAC_LOCALSET_EA_INDIA */
	'EA_SRI',	/* FAC_LOCALSET_EA_SRILANKA */
	'EA_NEPAL', /* FAC_LOCALSET_EA_NEPAL */
	'EA_BANGLA',	/* FAC_LOCALSET_EA_BANGLADESH */
	'EA_IRAN',	/* FAC_LOCALSET_EA_IRAN */
	'EA_EGYPT', /* FAC_LOCALSET_EA_EGYPT */
	'EA_LIBYA', /* FAC_LOCALSET_EA_LIBYA */
	'EA_M_ASIA',	/* FAC_LOCALSET_EA_MIDDLE_ASIA */
	'EA_SAUDI', /* FAC_LOCALSET_EA_SAUDI */
	'EA_PAK',	/* FAC_LOCALSET_EA_PAKISTAN */
	'EA_E_ASIA',	/* FAC_LOCALSET_EA_EAST_ASIA */
	'EA_AFR',	/* FAC_LOCALSET_EA_AFRICA */
	'EA_S_AFR', /* FAC_LOCALSET_EA_S_AFRICA */
	'EA_MAL',	/* FAC_LOCALSET_EA_MALAYSIA */
	'EA_PHI',	/* FAC_LOCALSET_EA_PHI */
	'EA_UAE',	/* FAC_LOCALSET_EA_UAE */
	'ED_IRAN',	/* FAC_LOCALSET_ED_IRAN */
	'ED_VIET',	/* FAC_LOCALSET_ED_VIETNAM */
	'ED_INA',	/* FAC_LOCALSET_ED_INA */
	'ED_INDIA', /* FAC_LOCALSET_ED_INDIA */
	'ED_THAI',	/* FAC_LOCALSET_ED_THAI */
	'ED_PHI',	/* FAC_LOCALSET_ED_PHI */
	'ED_EGYPT', /* FAC_LOCALSET_ED_EGYPT */
	'ED_LIBYA', /* FAC_LOCALSET_ED_LIBYA */
	'ED_M_ASIA',	/* FAC_LOCALSET_ED_M_ASIA */
	'ED_SAUDI', /* FAC_LOCALSET_ED_SAUDI */
	'ED_PAK',	/* FAC_LOCALSET_ED_PAK */
	'ED_AFR',	/* FAC_LOCALSET_ED_AFR */
	'ED_MYAN',	/* FAC_LOCALSET_ED_MYAN */
	'ED_MAL',	/* FAC_LOCALSET_ED_MAL */
	'ED_UAE',	/* FAC_LOCALSET_ED_UAE */
	'ED_M_ASIA2',	/* FAC_LOCALSET_ED_M_ASIA2 */
	'ED_ALGERIA',	/* FAC_LOCALSET_ED_ALGERIA */
	'COLOMBIA', /* FAC_LOCALSET_COLOMBIA */
	'TAIWAN',	/* FAC_LOCALSET_TAIWAN */
	'CHI_DTV',	/* FAC_LOCALSET_CHI_DTV */
	'HKG_DTV',	/* FAC_LOCALSET_HKG_DTV */
	'CUBA_DTV', /* FAC_LOCALSET_CUBA_DTV */
	'LOCALSET_ERR', /* FAC_LOCALSET_ISDB_NONE */
	'BRA_DTV',	/* FAC_LOCALSET_BRAZIL_DTV */
	'CHILE_DTV',	/* FAC_LOCALSET_CHILE_DTV */
	'PERU_DTV', /* FAC_LOCALSET_PERU_DTV */
	'ARG_DTV',	/* FAC_LOCALSET_ARG_DTV */
	'URU_DTV',	/* FAC_LOCALSET_URUGUAY_DTV */
	'PAR_DTV',	/* FAC_LOCALSET_PARAGUAY_DTV */
	'SA_ATV',	/* FAC_LOCALSET_SA_ATV */
	'SELA', /* FAC_LOCALSET_SELA */
	'LOCALSET_ERR', /* FAC_LOCALSET_MAX */
	'SA_BOLIVIA',	/* FAC_LOCALSET_SA_BOLIVIA, (unused) */
	'ECUADOR',	/* FAC_LOCALSET_EQUADOR_DTV, (unused) */
	'PANAMA',	/* FAC_LOCALSET_PANAMA, (unused) */
	'LOCALSET_ERR', /* FAC_LOCALSET_JP_NONE, (unused) */
	'EA_PHI2',	/* FAC_LOCALSET_EA_PHI2, (unused) */
	'LOCALSET_ERR', /* FAC_LOCALSET_CARRIBE, (unused) */
	'LOCALSET_ERR', /* FAC_LOCALSET_EU_FRANCE, (unused) */
	'LOCALSET_ERR', /* FAC_LOCALSET_NORDIC, (unused) */
	'LOCALSET_ERR', /* FAC_LOCALSET_EU_POLAND, (unused) */
	'LOCALSET_ERR', /* FAC_LOCALSET_AD_AU_NZ, (unused) */
	'LOCALSET_ERR', /* FAC_LOCALSET_AD_AU, (unused) */
	'LOCALSET_ERR', /* FAC_LOCALSET_AD_NZ, (unused) */
	'LOCALSET_ERR', /* FAC_LOCALSET_AD_SINGAPOL, (unused) */
	'LOCALSET_ERR', /* FAC_LOCALSET_AD_AU_NZ2, (unused) */
	'LOCALSET_ERR', /* FAC_LOCALSET_EA_ISRAEL, (unused) */
	'LOCALSET_ERR', /* FAC_LOCALSET_EA_CIS, (unused) */
	'LOCALSET_ERR', /* FAC_LOCALSET_ED_ISRAEL, (unused) */
	'LOCALSET_ERR' /* FAC_LOCALSET_JAPAN, (unused) */
};","LOCALSET_ERR","String","F","T","2019-08-22T19:56:53"
"4399","FeatureConf","com.samsung/featureconf/davinci_product_type","TestEngine_Tizen","weehyuk.lee","","configuration value for product type. (only TV products for now)

Default : -1
TV : 0","-1","Int","T","F","2019-08-22T19:56:53"
"54307","FeatureConf","com.samsung/featureconf/devicecare.mled_installation_test_enabled","TP_DeviceCare","hy46.jung","All Items > FeatureConf > devicecare","This item configures whether MLED Installation Test is enabled or not.

Default : OFF
21Y MicroLED : ON","false","Boolean","T","F","2020-11-27T14:51:10"
"208743","FeatureConf","com.samsung/featureconf/duo.groupcall_support","Prd_AllProducts","parkky98","All Items > FeatureConf > duo","Duo group call is not available on DDR 1.5GB lineup due to AV delay and abnormal symptom.
line up of 8000 or under models, should be disabled group call, supported just 1:1 call","true","Boolean","T","F","2023-10-11T15:27:32"
"5161","FeatureConf","com.samsung/featureconf/e_pop_supported","Prd_AllProducts","parkky98","All Items > FeatureConf","ePOP support

Default : True
MLS07R : False
RU77FA : False
KOR : False
B2B TV : false
B2B( LFD, IWB, SBOX ) : False
Projector : False
else : True","true","Boolean","T","T","2020-06-23T10:34:39"
"18647","FeatureConf","com.samsung/featureconf/ep_coba_hotel.cast_support","TP_EPHotelTVApp","g.praveenya","All Items > FeatureConf > ep_coba_hotel","This item configures whether Cast feature is supported in b2btv models.

Default : false
Support: true
HospitalityTV returns true","false","Boolean","T","F","2021-06-18T14:00:57"
"41280","FeatureConf","com.samsung/featureconf/ep_protocol.crestron_support","TP_EPInteractive","a.agarwala","User Custom > Custom > Org.Chart > SRID
All Items > FeatureConf > ep_protocol","This feature key will be used to check Crestron solution support in BizTV.

Default : Off
BizTV - On ( BET_H )","false","Boolean","T","F","2021-11-11T16:06:21"
"5630","FeatureConf","com.samsung/featureconf/ewbs.supported_localset","TP_EWBS","gupta.raman","User Custom > Custom > Org.Chart > SRID
All Items > FeatureConf > ewbs","This configure item will be used to know if ewbs is supported in local set or not.

Default: false
If 
FAC_LOCALSET_ED_INA 
FAC_LOCALSET_EA_INDONESIA
FAC_LOCALSET_ED_PHI
FAC_LOCALSET_EA_PHI : true","false","Boolean","F","T","2019-10-08T19:26:06"
"11890","FeatureConf","com.samsung/featureconf/externin.is_earc_supported","TP_WapApps","hyeyoung.cha","User Custom > Custom > Org.Chart > SRID
All Items > FeatureConf > externin","eARC is latest connecting mode between TV and Sound bar using HDMI cable.
It helps deliver high speed audio like Dolby Atmos etc.
eARC is supported on NXP based speakers that have the HDMI REP chip.


 for LA series  and OutDoor this value would be false
and for Q series soundbar it would be true.
  
In the future, five more models will be added, and all of those models will be set to True, so the default will be true.

G60C(Gaming Model) : support eARC (true)","true","Boolean","T","F","2025-08-19T17:54:21"
"10523","FeatureConf","com.samsung/featureconf/externin.is_hdmi_repeaterchip_supported","TP_WapApps","hyeyoung.cha","User Custom > Custom > Org.Chart > SRID
All Items > FeatureConf > externin","To Check whether the model supported HDMI repeater chipset.
If HDMI repeater is supported flag will be true else false. 
In the future, five more models will be added, and all of those models will be set to True, so the default will be true.
앞으로 모델이 5개 추가 예정이고, 해당 모델 모두 True로 값을 설정할 예정이어서, Default를 True합니다. 


By default for LA series this value would be false
and for Q series soundbar it would be true.

G70C (gaming product) has repeater chip (+eARC) ","true","Boolean","T","F","2023-10-04T11:30:35"
"4716","FeatureConf","com.samsung/featureconf/extupdate.hdmi_tx_on","Prd_TV","parkky98","User Custom > Custom > Org.Chart > Suwon
All Items > FeatureConf > extupdate","This item configures whether the hdmi_tx_on function is enabled or not

Sound bar
Default : True
Q series : False","true","Boolean","T","F","2021-07-14T16:42:29"
"122521","FeatureConf","com.samsung/featureconf/ezcal.intelligent_calibration.mode","TP_SP_Picture","moonsy","User Custom > Custom > Org.Chart > Suwon > TV S/W Lab
Factory App Menu > Option > MRT Option
All Items > FeatureConf > ezcal > intelligent_calibration","This item configuration whether Intelligent Calibration(the EzCal) funtion is enable or not.
0 : Not Support
1 : Support only Basic Mode
2 : Support Base Mode / Professional Mode
※ onemain은 line-up 확인 후 선착 수 시점에 Basic model 기준으로 반영 예정입니다.

Default : 0
Luxo : 1
QTV : 2
WALL 2.0 / Smart TV : 0","0","Int","T","F","2021-06-04T17:20:33"
"5205","FeatureConf","com.samsung/featureconf/full_preloading_support","Prd_AllProducts","parkky98","All Items > FeatureConf","Full Preloading Support 


Default : Off

TV has not used Full Preloading feature because of market issue.   
This feature can make worst condition to run 3rd party app in background status.","false","Boolean","F","F","2025-06-16T17:41:19"
"4494","FeatureConf","com.samsung/featureconf/get_service_mode","TP_EPG","m.zakowski","","Get service mode

-1: SERVICE_MODE_UNKNOWN
0: SERVICE_MODE_ATSC
1: SERVICE_MODE_DVB
2: SERVICE_MODE_ISDB
21: SERVICE_MODE_DVBNT","-1","Int","F","T","2019-08-22T19:56:53"
"4327","FeatureConf","com.samsung/featureconf/get_system_local_set","TP_ChannelSearch","hwachin.hong","","Get system info key's local set value

Return system_info_localet_e values","-1","Int","F","T","2019-08-22T19:56:53"
"4330","FeatureConf","com.samsung/featureconf/get_system_region_kind","TP_ChannelSearch","hwachin.hong","","Get SYSTEM_INFO_KEY_REGION_KIND key's value

Return system_info_region_e values","0","Int","F","F","2019-08-22T19:56:53"
"4954","FeatureConf","com.samsung/featureconf/hbbtv.check_for_other_countries","TP_HbbTV","m.purchla","All Items > FeatureConf > hbbtv","If the returned country code is 'other', we check if the localset is EU, so that we may be able to specify the country code among 'others' using SYSTEM_SETTINGS_KEY_SYSTEM_PNP_COUNTRY.


True for SYSTEM_INFO_LOCALSET_EU, false otherwise.
","false","Boolean","F","T","2022-01-04T00:01:47"
"48400","FeatureConf","com.samsung/featureconf/hbbtv.display_capabilities_type","TP_HbbTV","m.purchla","All Items > FeatureConf > hbbtv","HbbTV engine has to report the capabilities of TV about resolution and codec support. If there is no specific value selected for a model, default capabilities are reported based on the actual resolution of the display.

Note: for Y23 this key is used to get information about HFR (high frame rate)  support, so some values of the key are redundant. 

1:     PREMIUM_8K_HFR,      means 8K, >=120Hz
2:     PREMIUM_8K,              means 8K, 60Hz
3:     PREMIUM_UHD_HFR,  means UHD, >=120Hz 
4:     PREMIUM_UHD,          means UHD, 60Hz
5:     STANDARD_UHD         means UHD, 60Hz
6:     BASIC_UHD                 means UHD, 60Hz ","0","Int","T","F","2024-03-18T23:06:35"
"4964","FeatureConf","com.samsung/featureconf/hbbtv.enable_atsc_ic","TP_HbbTV","m.purchla","All Items > FeatureConf > hbbtv","The call to system info is made to determine whether ATSC should be supported. It is in the USA.

True for USA localset, falseotherwise.
","false","Boolean","F","T","2022-01-04T00:01:40"
"5717","FeatureConf","com.samsung/featureconf/hbbtv.switch_to_zzz","TP_HbbTV","m.purchla","All Items > FeatureConf > hbbtv","In case a user picks an 'other' country during setup, this will allow us to change the DynamicProfile file that is used to zzz2.xml.

False by default;
True for localsets EU, EU_SPAIN, and CIS_RUSSIA;","false","Boolean","F","T","2022-01-04T00:02:43"
"57015","FeatureConf","com.samsung/featureconf/hdmi.edid_index","HW_TV","gaewon.seo","All Items > FeatureConf > hdmi","Previously, EDID was divided by platform.
So the HDMI S/W team distinguished EDID through Board Config.

However, from 21 years ago, EDID should be divided into series.
This is the FMS value to distinguish series.

Q900A	801
Q800a	803
Q700A	805
Q95A	401
Q90A	403
Q85A	405
Q85A 60	407
Q80A	409
Q80A 60	411
Q70A	413
Q60A	415
AU8500	417
AU8000	419
AU7000	421
LS03A	423
LS03A 60	425
LS03M	427
LS01T	429
LS05T	431
","1","Int","T","F","2020-10-14T16:44:53"
"4221","FeatureConf","com.samsung/featureconf/india_local","TP_USBOnTimerPlay","e.arazo","User Custom > Custom > Org.Chart > SRC","check if the local set is INDIA to decide to launch music app

default: 0     not India 
other:    1     India","0","Int","F","T","2019-08-22T19:56:53"
"5195","FeatureConf","com.samsung/featureconf/indonesia_ews_support","Prd_AllProducts","parkky98","All Items > FeatureConf","Indonesia EWBS Support

ED_INA Local Set : True, 
Others : False","false","Boolean","F","T","2023-11-28T13:09:10"
"4290","FeatureConf","com.samsung/featureconf/iot_is_china_region","TP_IoTFramework","soosin.hwang","","IoT features should use different cloud address for China region. This item helps it.

Default : false
CHI_DTV, EACHINA : true","false","Boolean","F","T","2019-08-22T19:56:53"
"4170","FeatureConf","com.samsung/featureconf/is_8ktv","TP_PhotoPlayApp","e.arazo","User Custom > Custom > Org.Chart > SRC","the item configures whether it is 8k tv or not

default is false.And if curren tv is  FHD ,UHD, HD,it is false too.
it is true only whe it is 8k tv(8k UHD).i have set dependecy in QLED_8k and LFD 8k.
As i know,wall have 8k tv too,but there is no option in Model set dependency,please help confirm.
I know previous the value is get from Factory > Option > MRT > Resolution.","false","Boolean","T","F","2019-08-22T19:56:53"
"4317","FeatureConf","com.samsung/featureconf/is_bd_player","TP_SMPlayer","hao.lin","User Custom > Custom > Org.Chart > SRC","This item configures where the equiment is bd player or not, but in TV this item should always be false. 
Refer to enum system_info_product_type of file //TIZEN_5.0/[MAIN2019]/[PROD2019_Prj]/[INT]/SYSTEM/System-config/system-type/include/common/system_type_enum.h, SYSTEM_INFO_PRODUCT_TYPE_BD=2 will be returned if the equiment is bd player, but in TV this value will never be returned.

Default: false
Bd player: true
This item is true in blueray player, but in TV this item should always be false.","false","Boolean","F","F","2019-08-22T19:56:53"
"4347","FeatureConf","com.samsung/featureconf/is_dvb_spec","TP_EPG","m.zakowski","User Custom > Custom > Org.Chart > SRPOL","Use DVB standard

true if it is DVB","false","Boolean","F","T","2019-08-22T19:56:53"
"4430","FeatureConf","com.samsung/featureconf/is_localset_eu","TP_HbbTV","m.purchla","User Custom > Custom > Org.Chart > SRPOL","Checks if current local set is EU in order to determine the behaviour, when 'other' country code gets selected by Dynamic Profile.

False by default, true if the localset is SYSTEM_INFO_LOCALSET_EU","false","Boolean","F","T","2019-08-22T19:56:53"
"4427","FeatureConf","com.samsung/featureconf/is_localset_supported","TP_HbbTV","m.purchla","User Custom > Custom > Org.Chart > SRPOL","This setting is used to determine whether current localset is supported.

Returns true if current localset is supported, false otherwise.","false","Boolean","F","T","2019-08-22T19:56:53"
"135795","FeatureConf","com.samsung/featureconf/knox_browser.device_type_sid","TP_Security","young.s.shin","All Items > FeatureConf > knox_browser","Translation Message ID of the device type name (app: com.samsung.tv.knox-browser).

Default: SID_TV
Smart Monitor: COM_SID_SMNT_CAJUL_SMART_MNT
Projector: PJT_SID_TV
MicroLED: TV_SID_MLED_CAOCT_NON_MICRO_LED
The Wall Luxury: COM_SID_THE_WALL","SID_TV","String","T","F","2021-12-10T20:12:47"
"5279","FeatureConf","com.samsung/featureconf/lfd_default_motion_lighting_for_terminal_text","TP_SystemInfoB2B","m.parasher","All Items > FeatureConf","Checks Default motion Lighting for Terminal Text based on SW Model

Default : false
3.0 QHHN / QHHT -> true","false","Boolean","F","F","2020-11-25T20:16:15"
"5270","FeatureConf","com.samsung/featureconf/lfd_internal_pattern","TP_SystemInfoB2B","m.parasher","All Items > FeatureConf"," This API checks WB Internal Pattern for LFD related to Automation Test Run

Default true
Always TRUE","true","Boolean","F","F","2020-11-25T20:16:23"
"5321","FeatureConf","com.samsung/featureconf/lfd_num_of_display_port","Prd_Enterprise","mg.song","All Items > FeatureConf","Set the number of DP(Display port) source

Default : 0
","0","Int","T","F","2019-09-17T17:31:35"
"5319","FeatureConf","com.samsung/featureconf/lfd_num_of_hdbt","Prd_Enterprise","mg.song","All Items > FeatureConf","Set the number of HDBT Source

Default 0","0","Int","F","F","2019-09-06T17:27:11"
"5324","FeatureConf","com.samsung/featureconf/lfd_num_of_magic_info","Prd_Enterprise","mg.song","All Items > FeatureConf","Set the number of Magicinfo(SBB) source 

Default : 0","0","Int","F","F","2019-09-17T17:31:16"
"5325","FeatureConf","com.samsung/featureconf/lfd_num_of_ops","Prd_Enterprise","mg.song","All Items > FeatureConf","set the number of OPS (PIM) 

Default : 0","0","Int","F","F","2019-09-06T17:27:05"
"4470","FeatureConf","com.samsung/featureconf/localset.connectionguide.ischina","TP_ConnectionGuide","hafizh.b","User Custom > Custom > Org.Chart > SRC","to check whether China LocalSet

default : false
FAC_LOCALSET_EA_CHINA FAC_LOCALSET_CHI_DTV : true","false","Boolean","F","T","2019-08-22T19:56:53"
"387323","FeatureConf","com.samsung/featureconf/mde.connection_popup_disable","TP_Remote","s.bohra","Factory App Menu > Option > Engineer Option
All Items > FeatureConf > mde","This key configures demo mode not to show connection pop-up.
Without connection pop-up mobile should be connected to TV if this key is enabled.

Default : False
For Demo : True","false","Boolean","T","F","2023-10-30T10:25:52"
"4916","FeatureConf","com.samsung/featureconf/media.codec_type","TP_SMPlayer","hao.lin","User Custom > Custom > Org.Chart > SRC
All Items > FeatureConf > media","This item configures the media codec type of the equipment. 

Default value is 0;
LFD value is 4.","0","Int","T","F","2023-06-09T23:19:01"
"4461","FeatureConf","com.samsung/featureconf/menuitem_slow_key_repeat_support","TP_Settings","jia.j.liu","User Custom > Custom > Org.Chart > SRC
All Items > FeatureConf","it is used to checking slow key repeat support or not 

default is false , when it is tv ( include wall ) , it is true ","false","Boolean","T","F","2020-05-26T16:02:48"
"5182","FeatureConf","com.samsung/featureconf/mls_support","Prd_AllProducts","parkky98","All Items > FeatureConf","Multi Link Screen Support

All Model : False","false","Boolean","F","F","2025-06-16T18:39:41"
"132789","FeatureConf","com.samsung/featureconf/mobile_cam.ai_support","TP_UsbCam","cong001.ma","All Items > FeatureConf > mobile_cam","This key configures whether TV AIFW use Mobile's AI feature for camera services.

DEFAULT: false

If the development is ready then it will be true","false","Boolean","T","F","2021-12-20T16:11:17"
"5218","FeatureConf","com.samsung/featureconf/mrt_hp_line","Prd_AllProducts","parkky98","All Items > FeatureConf","Headphone/Line Out support
0, Headphone
1, LineOut
2, NONE

2(None)

Signage, IWB : 1","2","Int","T","F","2019-09-17T17:31:40"
"291214","FeatureConf","com.samsung/featureconf/multiview.extenal_input_max_verical_frequency","TP_MultiView","insun2.lee","All Items > FeatureConf > multiview","This key configures the maximum vertical frequency in Multiview.

Dependency values of this key >
Default: 99
G97NB, G97NC, G95SC : 120
","99","Int","T","F","2023-02-08T16:47:13"
"8001","FeatureConf","com.samsung/featureconf/netflix_dcn_support","TP_Netflix","hyoyoung.lim","All Items > FeatureConf","china model exclude with dcn support

china false","true","Boolean","F","T","2020-09-17T09:49:40"
"8686","FeatureConf","com.samsung/featureconf/netflix_esn_type","AP_PVOD_Platform","sjung.park","All Items > FeatureConf","chipset infomation

integer","0","Int","T","F","2020-11-06T13:58:49"
"4458","FeatureConf","com.samsung/featureconf/noti.check_localset_permitted","TP_Volt_FirstScreen","l0506.wang","User Custom > Custom > Org.Chart > SRC","this value use for check local set permitted for global notification.

Default:1
CHI_DTV:0
","1","Int","F","T","2019-08-22T19:56:53"
"4465","FeatureConf","com.samsung/featureconf/notice.check_localset_permitted","TP_Volt_FirstScreen","l0506.wang","All Items > FeatureConf > notice","use for check Localset Permitted for global notification

Default:1
CHI_DTV:0","1","Int","F","T","2025-05-12T12:15:02"
"5155","FeatureConf","com.samsung/featureconf/num_of_atv","Prd_AllProducts","parkky98","All Items > FeatureConf","ATV Port 수

default : 1
MLS07R : 0
Signage, IWB : 0","1","Int","T","F","2019-09-17T17:31:56"
"5154","FeatureConf","com.samsung/featureconf/num_of_av","Prd_AllProducts","parkky98","All Items > FeatureConf","Number of AV port

MLS07R, RU7000(KantSU) : 0
Europe / ATSC :
 - Over RU8000(Except Q50 series) : 0
Emerging :
 - Over URU8000(Except Q50 series),  AD_NZ2, ED_M_ASIA2, ED_ALGERIA, EA_EGYPT, ED_EGYPT : 0
 - Others : 1","1","Int","T","T","2019-09-17T17:31:29"
"5167","FeatureConf","com.samsung/featureconf/num_of_ci","Prd_AllProducts","parkky98","All Items > FeatureConf","Number of CI Slot

Default : 0 
MLS07R : 0
URU7400, QRQ50, URU7410, URU7450, URU74A0, URU7700, URU77FA, URU7790, URU7800 :
 - ED_INDIA : 0
 - EU/CIS : 1
 - Others : 0 
 URU7470
 - ED_INDIA : 1
 - EU/CIS : 1
 - Others : 0 
Others
 - EU/CIS : 1
Signage, IWB : 0 (no dependecy of localset)","0","Int","T","T","2019-09-17T17:31:03"
"5320","FeatureConf","com.samsung/featureconf/num_of_comp","Prd_AllProducts","parkky98","All Items > FeatureConf","Number of Component

MLS07R, RU7000(KantSU) : 0
Europe / ATSC :
 - Over RU8000(Except Q50 series) : 0
Emerging :
 - Over URU8000(Except Q50 series),  AD_NZ2, ED_M_ASIA2, ED_ALGERIA, EA_EGYPT, ED_EGYPT : 0
 - Others : 1

Signage, IWB : 0","1","Int","T","T","2019-09-17T17:31:24"
"5322","FeatureConf","com.samsung/featureconf/num_of_dvi","Prd_AllProducts","parkky98","All Items > FeatureConf","num_of_dvi

Default : 0","0","Int","T","F","2019-09-06T17:27:08"
"5156","FeatureConf","com.samsung/featureconf/num_of_hdmi","Prd_AllProducts","parkky98","All Items > FeatureConf","Num of HDMI Port

default : 3
URU8000 이상 : 4
LS01R : 4
LS03R : 4
LS05R : 3
Signage 8K : 4
Signage , IWB : 2
","3","Int","T","F","2019-09-17T17:31:51"
"5323","FeatureConf","com.samsung/featureconf/num_of_iptv_cip","Prd_AllProducts","parkky98","All Items > FeatureConf","num_of_iptv_cip

default : 0","0","Int","F","F","2019-09-06T17:27:01"
"5326","FeatureConf","com.samsung/featureconf/num_of_pc","Prd_AllProducts","parkky98","All Items > FeatureConf","num_of_pc

Default : 0","0","Int","F","F","2019-09-06T17:27:14"
"5327","FeatureConf","com.samsung/featureconf/num_of_scart","Prd_AllProducts","parkky98","All Items > FeatureConf","num_of_scart

Default : 0","0","Int","F","F","2019-09-17T17:31:20"
"5328","FeatureConf","com.samsung/featureconf/num_of_svideo","Prd_AllProducts","parkky98","All Items > FeatureConf","num_of_svideo

default : 0","0","Int","F","F","2019-09-17T17:31:11"
"5179","FeatureConf","com.samsung/featureconf/ontv_supported","BC_tvSamsungAccount","dwon.seo","All Items > FeatureConf","해당값 사용하지 않습니다.

해당값 사용하지 않습니다.","false","Boolean","F","F","2019-08-27T16:15:03"
"5177","FeatureConf","com.samsung/featureconf/partition_file","TP_SysDevice","jaehoons.kim","All Items > FeatureConf","Mr.Kim JaeHoon already reviewed it and agreed with it. 

Mr.Kim JaeHoon already reviewed it and agreed with it. ","N/A","String","F","F","2019-09-17T17:31:48"
"4334","FeatureConf","com.samsung/featureconf/pip_lfd_position_support","TP_Settings","jia.j.liu","User Custom > Custom > Org.Chart > SRC
All Items > FeatureConf","it is used for pip lfd position checking 

default is false , when it is lfd , it return true ","false","Boolean","T","F","2020-05-26T16:03:26"
"124182","FeatureConf","com.samsung/featureconf/pivot.deny_source_rotate","TP_FullScreenViewer","hongtao.ding","Factory App Menu > Option > Production Option
All Items > FeatureConf > pivot","The key configures whether to deny source rotation to portrait (true) or not (false)

Default : false
M70 AEP and future Smart Monitors : true","false","Boolean","T","F","2022-12-08T15:19:04"
"140955","FeatureConf","com.samsung/featureconf/pivot.force_livesource_rotate_on_portrait","TP_FullScreenViewer","hongtao.ding","All Items > FeatureConf > pivot","When true, allow live sources (RF, TVPlus, STB) rotation(PIG) when it's rotated to portrait degrees (90, 270) 

Default : Off
22y+ Smart/Gaming Monitors with HAS stand + future pivot-enabled TVs : On","false","Boolean","T","F","2022-12-09T10:45:17"
"5604","FeatureConf","com.samsung/featureconf/pixela.support","JapanPixela_Manager","jh6881.kim","All Items > FeatureConf > pixela","This feature configures whether pixela module is supported or not for Japan TV model.

Default : false
2020 Japan TV : true","false","Boolean","T","T","2021-08-24T17:22:06"
"8784","FeatureConf","com.samsung/featureconf/portland_supported","TP_DOTNET_PortlandApp","py81.kim","Factory App Menu > Option > Production Option
All Items > FeatureConf","This item configures whether the SERO product or not.

The SERO Product: ON
Others: OFF","false","Boolean","T","F","2019-10-10T13:57:31"
"36701","FeatureConf","com.samsung/featureconf/product.av_func_coaxial_support","Prd_Audio","gyu.park","All Items > FeatureConf > product","coaxial 지원 여부

미지원 : 0
지원 : 1

사운드바 전모델 지원하지 않음","0","Int","F","F","2020-10-05T14:51:24"
"36686","FeatureConf","com.samsung/featureconf/product.av_func_wifi_support","Prd_Audio","gyu.park","All Items > FeatureConf > product","WiFi지원 여부

미지원 : 0
지원 : 1

사운드바 전모델 1로 고정","1","Int","F","F","2020-10-05T14:51:19"
"112220","FeatureConf","com.samsung/featureconf/product.av_web_oobe_support","TP_WapApps","hyeyoung.cha","User Custom > Custom > Org.Chart > SRID
All Items > FeatureConf > product","This key is to be used for web based oobe feature is enabled or disabled.
User can configure Sounbar with wifi network using any device via web browser


Default : False (Off)

Models [HW-Q950A, HW-Q900A, HW-Q800A, HW-Q850A, HW-Q700A, HW-Q870A, HW-S60A, HW-S61A] : True (ON)
","false","Boolean","T","F","2022-02-11T10:45:43"
"636706","FeatureConf","com.samsung/featureconf/product.current_os_version","TP_OTM","sh47.jang","All Items > FeatureConf > product","This key is a value set by referring to the OS version of the corresponding branch.","OS80","String","F","F","2024-05-21T14:12:39"
"349359","FeatureConf","com.samsung/featureconf/product.device_name","Prd_AllProducts","parkky98","All Items > FeatureConf > product","This key is being created in order to apply Samsung device naming standards.
According to the standards, TV device name is decided as following format.
'Panel Size + Product Name' and the device name is used in Settings, SmartView and so on.
The value of this key corresponds to the 'Product Name' part of the format and varies by models.
This value should be same as specified in PLM 'Product Name' field.
All the possible values for product family and product is as following.

* BN/MS : Micro LED
* BN/QS : OLED
* BN/UT : Crystal UHD, UHD, FHD, HD
* BN/QT : Neo QLED 8K, Neo QLED, QLED 8K, QLED, The Frame, The Terrace, The Serif, The Sero
* BP/PRJ : The Premiere, The Freestyle","","String","T","F","2023-04-14T11:41:24"
"198790","FeatureConf","com.samsung/featureconf/product.downstream_usb_type","Prd_Enterprise","mg.song","All Items > FeatureConf > product","This item defines the type of usb port which is used for downstream (connected with Keyboard, Mouse, USB memory, CAM and so on) in Smart Monitor/Smart Gaming Monitor.","FMS_USB_TYPE_A","Enum","T","F","2023-07-21T11:55:41"
"1018620","FeatureConf","com.samsung/featureconf/product.dpms_support","Prd_Enterprise","mg.song","All Items > FeatureConf > product","This is the FMS key that determines whether DPMS feature is supported or not.

Default : false
Smart/Smart Gaming Monitor : True","false","Boolean","T","F","2025-04-15T16:10:33"
"291367","FeatureConf","com.samsung/featureconf/product.eco_backlight3_support","TP_Picture Quality","hr.pi","All Items > FeatureConf > product","This is an FMS key for new energy regulation in Uzbekistan.
(If the FMS key value is true, the Eco Backlight3 value of the factory item is applied to the Eco mode Brightness value.)
It will be updated after adding Uzbekistan 23Y SW model.","false","Boolean","F","T","2023-10-12T21:04:35"
"383461","FeatureConf","com.samsung/featureconf/product.force_add_source_icon_to_home","Prd_Enterprise","mg.song","All Items > FeatureConf > product","This key defines a model that does not support MBR but requires forced addition of Source Tile to Home.

Default : False
S90PC  : True    (S90PC does not support HDMI, so  MBR also does not support 
                        Even if MBR does not work,  source tile should be located on Home)

In the case of the S90PC model, there is no physical HDMI port, and only DP and USB-C are supported.
DP and USB-C are forcibly recognized as PCs, so the model does not support the MBR feature.
If the MBR function is supported, the source tile is automatically added to Home, 
but if the MBR is not supported and the source tile needs to be added to Home, This FMS is set to True.","false","Boolean","T","F","2023-09-25T17:58:30"
"117624","FeatureConf","com.samsung/featureconf/product.lfd.dpms_logo_support","Prd_Enterprise","mg.song","All Items > FeatureConf > product > lfd","DPMS Fastvideo show/don't show For Enterprise product 



Default : Off
Signage/Box model : On","false","Boolean","T","F","2021-04-19T19:53:48"
"117620","FeatureConf","com.samsung/featureconf/product.lfd.fastlogo_support","Prd_Enterprise","mg.song","All Items > FeatureConf > product > lfd","Fastvideo show/don't show For Enterprise product 

Default : Off
Flip model : On","false","Boolean","T","F","2021-04-19T19:53:45"
"185716","FeatureConf","com.samsung/featureconf/product.lfd.sbox.sdi_support","The_Wall_HDMI","gaewon.seo","Factory App Menu > Control > LFD Option
All Items > FeatureConf > product > lfd > sbox","Indicates whether SDI input/output is supported.
And indicate which HDMI Port supports it.

FMS_SDI_PORT_NS (0): Unsupported
FMS_SDI_PORT_HDMI 1-4 : HDMI Support Port","FMS_SDI_PORT_NOT_SUPPORT","Enum","T","F","2022-03-03T15:50:24"
"232850","FeatureConf","com.samsung/featureconf/product.multicode_remote_control_support","Prd_AllProducts","parkky98","All Items > FeatureConf > product","This Key configures whether Multi code Remocon feature is supported or not in each model.
Currently to be supported for Hotel models only from 23Y.

DEFAULT : False
HCU7030 , HCU7000 , HCU8080 , HCF8000  : True","false","Boolean","T","F","2025-06-16T17:40:47"
"232386","FeatureConf","com.samsung/featureconf/product.mutlicode_remote_control_support","Prd_AllProducts","parkky98","All Items > FeatureConf > product","This Key configures whether Multi code Remocon feature is supported or not in each model.
Currently to be supported for Hotel models only from 23Y.
DEFAULT : False
HCU7030 , HCU7000 , HCU8080 , HCF8000  : True","false","Boolean","T","F","2022-11-02T12:58:23"
"36622","FeatureConf","com.samsung/featureconf/product.num_of_dvi","Prd_AllProducts","parkky98","Factory App Menu > Option > MRT Option > OPTION_NUM
All Items > FeatureConf > product","This item configures the number of DVI port.

Default : 0","0","Int","F","F","2021-02-19T11:11:45"
"36628","FeatureConf","com.samsung/featureconf/product.num_of_hdmi","Prd_AllProducts","parkky98","Factory App Menu > Option > MRT Option > OPTION_NUM
All Items > FeatureConf > product","This item configures the number of HDMI port.

Default : 4","4","Int","T","F","2021-02-22T10:24:15"
"636702","FeatureConf","com.samsung/featureconf/product.origin_os_version","TP_OTM","sh47.jang","All Items > FeatureConf > product","This key is a value representing the OS version with reference to the model year.","None","String","T","F","2024-05-21T14:12:41"
"41319","FeatureConf","com.samsung/featureconf/product.smart_monitor_image_support","Prd_Enterprise","mg.song","All Items > FeatureConf > product","This items configures if current model is Smart Monitor Model or not.

Default : False
Smart Monitor : True ","false","Boolean","T","F","2020-07-21T19:30:07"
"4324","FeatureConf","com.samsung/featureconf/product_type_lfd","TP_ChannelSearch","hwachin.hong","","Check product type is LFD or not

True when product type is LFD
False when product type is not LFD","false","Boolean","T","F","2019-08-22T19:56:53"
"164314","FeatureConf","com.samsung/featureconf/quickpanel.game_performance_menu_support","TP_QuickPanel","hoseock.choi","User Custom > Custom > Org.Chart > Suwon > Service S/W Lab
All Items > FeatureConf > quickpanel","This key configures whether the ai up scaling game performance menu support","false","Boolean","T","F","2023-01-30T10:11:13"
"281237","FeatureConf","com.samsung/featureconf/samsunghealth.smart_trainer.support","Prd_AllProducts","parkky98","All Items > FeatureConf > samsunghealth > smart_trainer","This FMS key is support smart trainer feature in Samsung Health

Default : False
Q70이상 : True 
Q60이하 : False

22년 이전 모델은 False
","false","Boolean","T","F","2023-10-11T15:27:27"
"132746","FeatureConf","com.samsung/featureconf/screensaver.app_id","TP_SPhysicsApp","truongan.lam","All Items > FeatureConf > screensaver","This key provides app ID for ScreenSaver to launch when activated. 

Default : Empty (Default ScreenSaver will be shown)
Q : Corresponding app ID","","String","T","F","2021-08-04T14:22:02"
"46288","FeatureConf","com.samsung/featureconf/senario_manager.tvviewer_kill_control","TP_SysMO","ckid.chae","All Items > FeatureConf > senario_manager","This item configures whether scenario-manager kill tv-viewer or not

Default : False
Entry Smart : True","false","Boolean","T","F","2021-01-11T12:01:51"
"13324","FeatureConf","com.samsung/featureconf/setting.contactsamsung.memoryinfo_support","TP_Settings","jia.j.liu","All Items > FeatureConf > setting > contactsamsung","It is used to check memory info support or not in Setting -Contact Samsung Page
If value is true ,support , If value is false , not support 


false , not support 
true,  support 
From the latest IA : China Related local set will be support ","false","Boolean","F","T","2025-07-14T15:14:12"
"51854","FeatureConf","com.samsung/featureconf/setting.game_mode_support","TP_Settings","jia.j.liu","All Items > FeatureConf > setting","this item is used for  check if game mode item is visibile.

Default: true
licence tv: false","true","Boolean","T","F","2020-09-07T14:50:55"
"52456","FeatureConf","com.samsung/featureconf/setting.helptext.abouttv_type","TP_Settings","jia.j.liu","All Items > FeatureConf > setting > helptext","this item is used for showings different  help text of about tv item.

default:0
licence tv:1","0","Int","T","F","2025-07-14T15:15:52"
"100081","FeatureConf","com.samsung/featureconf/setting.menuitem.accessibility.sign_language_guide_enabled","TP_Settings","jia.j.liu","All Items > FeatureConf > setting > menuitem > accessibility","This item configures whether the Sign Language Guide is enabled or not


       Default : OFF
       TV NikeM2 and OscarP : ON","false","Boolean","T","T","2022-11-26T10:13:20"
"118556","FeatureConf","com.samsung/featureconf/setting.menuitem.auto_protection_time_path_change","TP_Settings","jia.j.liu","All Items > FeatureConf > setting > menuitem","for 2021 normal TV, auto protection time  item show under menu->general -> power and energy saving
for TU7000_KA & TU700D_KA  , auto protection time  item change to show under General -> System Manager  for CH210427-00641.
this fms key to check if auto protection time  item change to show under General -> System Manager 

default: false
TU7000_KA & TU700D_KA : true
","false","Boolean","T","F","2022-11-26T10:13:24"
"59013","FeatureConf","com.samsung/featureconf/setting.menuitem.display_logo_support","TP_Settings","jia.j.liu","All Items > FeatureConf > setting > menuitem","this item is used for checking if display logo item is support .

default: true
licence TV: false","true","Boolean","T","F","2025-07-14T15:15:49"
"4762","FeatureConf","com.samsung/featureconf/setting.menuitem.filmmode.help_string","TP_Settings","jia.j.liu","User Custom > Custom > Org.Chart > SRC
All Items > FeatureConf > setting > menuitem > filmmode","It is used to get menu item filmmode's help string 

default is empty ,
ASTC return TV_SID_PICTURE_MAKE_FRAME_TRANSITIONS_OLDER_VIDEO_SMOOTHER_MSG
Other region return TV_SID_PICTURE_MAKE_FRAME_TRANSITIONS_OLDER_VIDEO_SMOOTHER_576I_MSG_RTLNEWLINE","","String","F","T","2025-07-14T15:15:12"
"59017","FeatureConf","com.samsung/featureconf/setting.menuitem.gamma_support","TP_Settings","jia.j.liu","All Items > FeatureConf > setting > menuitem","This item is used for checking  if gamma item is support.

Default : true
Licence TV； false","true","Boolean","T","F","2025-07-14T15:15:28"
"19841","FeatureConf","com.samsung/featureconf/setting.menuitem.offtime.support","TP_Settings","jia.j.liu","All Items > FeatureConf > setting > menuitem > offtime","this value is used for checking whether off_time is visible in menu

default: true
BET_M&BET&B：false","true","Boolean","T","F","2025-07-14T15:14:52"
"92091","FeatureConf","com.samsung/featureconf/setting.menuitem.outdoor_mode_change_text","TP_Settings","jia.j.liu","All Items > FeatureConf > setting > menuitem","this is used for need show special display name and help text for out door item.
use 'Cold Weather Mode' as  outdoor item display name  if this value is true, else use'Outdoor Mode'.
use 'Stabilizes screen operation in low temperatures with backlighting. Please note: power consumption may increase.' as help text  of out door item if this value is true, else  use 'Select On to keep <<A>> at the correct temperature.'


default: false
LST7T : true","false","Boolean","T","F","2022-11-26T10:13:29"
"74615","FeatureConf","com.samsung/featureconf/setting.menuitem.outdoor_mode_display_name","TP_Settings","jia.j.liu","All Items > FeatureConf > setting > menuitem","this item  is used for get outdoor display name for different model.

default: LFD_SID_OUTDOOR_MODE
The Terrace model (LST** / BH*) : TV_SID_SETTINGS_TERRACE_CANOV_COLD_WEATHER_MODE","LFD_SID_OUTDOOR_MODE","String","T","F","2021-01-12T20:04:44"
"59005","FeatureConf","com.samsung/featureconf/setting.menuitem.picture_demo_support","TP_Settings","jia.j.liu","All Items > FeatureConf > setting > menuitem","this item is used for checking if picture demo item is visible

default : true
Licence TV : false
","true","Boolean","T","F","2025-07-14T15:14:15"
"74611","FeatureConf","com.samsung/featureconf/setting.menuitem.picture_mode_option_support","TP_Settings","jia.j.liu","All Items > FeatureConf > setting > menuitem","this item is used for check if picture mode option support.
 'Filmmaker mode and Natural options are displayed in Picture Modes.'

default : true
license TV: false","true","Boolean","T","F","2025-07-14T15:14:18"
"15010","FeatureConf","com.samsung/featureconf/setting.menuitem.screen.portrait_scale","TP_Settings","jia.j.liu","User Custom > Custom > Org.Chart > SRC
All Items > FeatureConf > setting > menuitem > screen","used to set menu basic scale for portrait_scale 

1, --> scale is 1.0 ,
2, --> scale is 1.334  ( LS03TS )","1","Int","T","F","2022-11-26T10:13:17"
"59009","FeatureConf","com.samsung/featureconf/setting.menuitem.shadow_detail_support","TP_Settings","jia.j.liu","All Items > FeatureConf > setting > menuitem","this item is used for checking if shadow detail item is support.

default : true
Licence TV : false","true","Boolean","T","F","2025-07-14T15:15:09"
"4786","FeatureConf","com.samsung/featureconf/setting.support.finding_serialnumber_guide","TP_Settings","jia.j.liu","User Custom > Custom > Org.Chart > SRC
All Items > FeatureConf > setting > support","to get the guide for finding serial number information

default is empty .
Wall: SID_THE_SERIAL_AND_VERSION_NUMBERS_CAN_BE_FOUND_ON_THE_STICKER_ON_THE_RIGHT_OR_BACK_SIDE_OF_YOUR_TVMAPP_SID_
TV:
SID_THE_SERIAL_AND_VERSION_NUMBERS_CAN_BE_FOUND_ON_THE_STICKER_ON_THE_RIGHT_OR_BACK_SIDE_OF_YOUR_TV
LFD:
COM_LFD_SERIAL_AND_VERSION_NUMBERS_FOUND_MSG

","","String","T","F","2025-07-14T15:14:21"
"200135","FeatureConf","com.samsung/featureconf/sound.hdmi2_1_repeater_support","SP_Audio","a.vishwakarm","All Items > FeatureConf > sound","Value to set whether to support HDMI 2.1 repeater
","false","Boolean","T","F","2023-04-20T10:17:53"
"54219","FeatureConf","com.samsung/featureconf/sound.speaker_self_diagnosis_configure","TP_SOUND_PP","oanjin.kim","All Items > FeatureConf > sound","Self Diagnosis App will use this FMS key to control sound output from each speakers

Default : 0
0 : stereo speaker ( all other models except listed below)
1 : stereo speaker + tweeter (LS05A, LS05AL)
3 : stereo speaker + tweeter + top speaker (Q900A, Q800A)
6 : stereo speaker + top speaker + center speaker (MAWS1)
10 : stereo speaker + top speaker with panel size variation (Q85A, Q80A)
11 : stereo speaker + tweeter + top speaker with panel size variation (Q95A, Q90A)

","0","Int","T","F","2022-12-06T13:54:52"
"18667","FeatureConf","com.samsung/featureconf/soundbar.dspc_aec_type","TP_WapApps","hyeyoung.cha","User Custom > Custom > Org.Chart > SRID
All Items > FeatureConf > soundbar","This item configures reference channal type to DSPC AEC.
DSPC AEC needs to set the value of reference setting depends on device channel configure to work properly
This item corresponds to a Reference Audio channel related to the audio output channel. Additional Reference type will be required.

Currently, the delivery values are 0 and 1. 0 is matched to 4 channel model (like S60T and S61T). 1 is matched to 3.1.2 channel model (like Q800T).
(S61T is exactly same output channel. So the values should be set to 0)

Values are for this configuration
Model Type
S60T, S61T  (value  0)
Q800 (value  1)     
Q70T (value -1)
And for all other models which are not supporting DSPC AEC, this key value will be -1.","-1","Int","T","F","2021-12-03T13:30:45"
"37336","FeatureConf","com.samsung/featureconf/spotify.connect_enable","TP_Music_CP_Framework","cs04.hong","All Items > FeatureConf > spotify","This value determines whether the spotify service daemon is running or not
If this feature is true, service daemon for spotify connect is always running. If false, service daemon is not running

default: false
상시 Connect 미지원하는 것으로 결정. 따라서 모든 모델이 false 값을 가짐
(향후 RC를 통해 상위라인 QLED TV 모델만 true 값을 가질 예정입니다)","false","Boolean","F","F","2022-07-08T13:41:25"
"5333","FeatureConf","com.samsung/featureconf/support_fan","Prd_AllProducts","parkky98","All Items > FeatureConf","FAN support

default : 0
MLS07R(Wall) : 1","0","Int","T","F","2019-10-10T13:57:35"
"342293","FeatureConf","com.samsung/featureconf/swu.notification_type","TP_CX","sb830.kim","All Items > FeatureConf > swu",".","FMS_SWU_NOTIFICATION_TYPE0","Enum","T","T","2024-02-06T15:15:48"
"383179","FeatureConf","com.samsung/featureconf/testnewkey","SYS_FeatureConfig","hongjin.cho","All Items > FeatureConf","aaa","true","Boolean","T","F","2023-08-16T17:00:51"
"25913","FeatureConf","com.samsung/featureconf/thewall.widescreen","TP_DOTNET_WallScreen","dy.chu","All Items > FeatureConf > thewall","This item configures whether the Thewall widescreen fuction is enabled or not

default : false
wall model (MLS07R / MTWS1) : true","false","Boolean","T","F","2020-10-19T14:19:20"
"225959","FeatureConf","com.samsung/featureconf/ttsengine.neural_tts_support","TP_TTSEngine","yuyu.sun","All Items > FeatureConf > ttsengine","This key configures whether the neural TTS engine is supported or not.

Default:ON
Most of the 2B product and license TV:OFF","true","Boolean","T","F","2024-07-01T11:22:59"
"5222","FeatureConf","com.samsung/featureconf/tv_init_mirroring","TP_ScreenMirroring","vishal.b","User Custom > Custom > Org.Chart > Suwon > TV S/W Lab
All Items > FeatureConf","this is not used currently

this is not used currently","false","Boolean","T","F","2019-08-27T16:16:58"
"181457","FeatureConf","com.samsung/featureconf/tvplus.auto_power_off_support","TP_SliveProvider","taesoo46.kim","User Custom > Custom > Org.Chart > Suwon > Service S/W Lab
All Items > FeatureConf > tvplus","This key configures whether Exception of TVPlus on Auto power off function is enabled or not. 
- Default : FALSE(Auto power off is off on TVPlus channels)
- There are TRUE on below Localset.
   CIS_CA_UZ,CIS_RUSSIA,CIS_UKR,
   ED_EGYPT,ED_IRAN,ED_M_ASIA,ED_UAE,
   EU,EU_BENELUX,EU_GER,EU_ITALY,EU_SPAIN,EU_TURKEY,EU_UK
※ There is exception of Reguated Country configuration 
    Russia doesn't user KMS key for this exception. (check the Smart Hub country to do this exception on TVPlus)","false","Boolean","F","T","2022-12-14T13:42:37"
"5144","FeatureConf","com.samsung/featureconf/uart_ir_blaster_supported","Prd_AllProducts","parkky98","All Items > FeatureConf","외장 IR Blaster 지원 여부 (기능 삭제 됨)

default : false (function deleted)
","false","Boolean","F","F","2025-06-16T17:41:09"
"351072","FeatureConf","com.samsung/featureconf/uifw.avatar_framework","TP_PAM","sungjin1217.son","User Custom > Custom > Org.Chart > Suwon > S/W Platform Lab
All Items > FeatureConf > uifw","This key configures whether the AvatarFramework is enabled or not 

Default: ON","true","Boolean","F","F","2025-05-09T14:24:22"
"1159064","FeatureConf","com.samsung/featureconf/uifw.osu_customer_notice_uisize","TP_NUI","hyunseok.cha","All Items > FeatureConf > uifw","
Describe usage of this key
  this key configures Consumer notice for UISize Option (adjusting UISize)
  temporary fms key only for 25 to 24 osu

Describe dependency values of this key
  Default : ON
  product of 32 inch : OFF","true","Boolean","T","F","2025-05-09T15:09:49"
"5223","FeatureConf","com.samsung/featureconf/usb_enable","TP_SysDevice","jaehoons.kim","All Items > FeatureConf","Mr.Kim JaeHoon already reviewed it and agreed with it. 

Mr.Kim JaeHoon already reviewed it and agreed with it. ","false","Boolean","F","F","2019-08-27T16:54:50"
"232880","FeatureConf","com.samsung/featureconf/usb_sound_service.support","TP_USBSoundService","hp.zhang","User Custom > Custom > Org.Chart > Suwon > Service S/W Lab
Factory App Menu > Option > Production Option
All Items > FeatureConf > usb_sound_service","This key configures whether USB SOUND DEVICE is enabled or not. 
USB SOUND DEVICE means USB Headset, USB Speaker, etc

True : Supporting USB SOUND DEVICE
False : Not supporting USB SOUND DEVICE","true","Boolean","T","F","2023-05-31T16:18:03"
"232884","FeatureConf","com.samsung/featureconf/usb_sound_service.user_jack_type","TP_USBSoundService","hp.zhang","All Items > FeatureConf > usb_sound_service","This key shows the hardware connectivity of USB user jacks which are exposed to user.
NONE - No user jack
ONE - Only one user jack
TWO - Two user jacks which are independent.
TWO_2HUBBED - Two user jacks which are connected via usb hub device
THREE - Three user jacks which are independent.
THREE_2HUBBED - Three user jacks, 2 of them are connected via usb hub device","FMS_USBSOUNDDEVICE_USERJACK__TWO","Enum","T","F","2023-05-31T16:18:16"
"5145","FeatureConf","com.samsung/featureconf/voice_recognition_supported","Prd_AllProducts","parkky98","All Items > FeatureConf","음성 인식 지원 여부
(This item configures that this model supports voice recognition or not.)

MuseM~MuseL : URU7300 이하 : False, 그 외 : True
Tizen 5.0 KantSU 중국향/S 서남아향 : URU7000/UR5500/UR4500 : True
Signage,  IWB : False","true","Boolean","T","F","2019-09-17T17:32:01"
"36680","FeatureConf","com.samsung/featureconf/wa_apps.app_spk_type","TP_WapApps","hyeyoung.cha","All Items > FeatureConf > wa_apps","This item configures the app speaker type for Soundbar.

Default : -1
SOUNDBAR : 3","-1","Int","T","F","2022-12-13T11:33:05"
"36674","FeatureConf","com.samsung/featureconf/wa_apps.compatible_android_version","TP_WapApps","hyeyoung.cha","All Items > FeatureConf > wa_apps","This item configures the compatible android version for Soundbar

Default : 'X.X.X'
SOUNDBAR: '0.0.0'","X.X.X","String","T","F","2021-12-07T11:35:28"
"36659","FeatureConf","com.samsung/featureconf/wa_apps.compatible_ios_version","TP_WapApps","hyeyoung.cha","All Items > FeatureConf > wa_apps","This item configures the compatible ios version for Soundbar.

Default : 'X'
SOUNDBAR : '0'","X","String","T","F","2021-12-07T11:35:32"
"9376","FeatureConf","com.samsung/featureconf/wa_apps.decoder_dolby_speaker_config","TP_WapApps","hyeyoung.cha","All Items > FeatureConf > wa_apps","To configure the sound bar decoder dolby speaker settings.

Default and L Series Value : 15 (0x000F)
Q Series Value : 1039 (0x040F)","15","Int","T","F","2022-01-06T12:46:31"
"68401","FeatureConf","com.samsung/featureconf/wa_apps.decodertype","TP_WapApps","hyeyoung.cha","All Items > FeatureConf > wa_apps","This item configures what kind of decoder is used.

Default : 0  (use 5_1_2 decoder) 
1 : use 7_1_2 decoder (Q850A, Q900A)
2 : use 7_1_4 decoder (Q950A) ","0","Int","T","F","2021-12-07T12:18:01"
"151571","FeatureConf","com.samsung/featureconf/wa_apps.is_bt_smartrc_supported","TP_WapApps","hyeyoung.cha","All Items > FeatureConf > wa_apps","Using 'wa_apps.is_smartrc_bt_supported' value could be able to activate / deactivate  BT-SmartRC connection feature on Soundbar.
Value :
false: BT_SmartRC connection feature  not supported
true: BT_SmartRC connection feature supported (currently set for S800B Soundar model)

Default Value : false -> Mean BT_SmartRC  feature not supported
","false","Boolean","T","F","2022-12-13T13:10:24"
"10526","FeatureConf","com.samsung/featureconf/wa_apps.is_central_speaker_supported","TP_WapApps","hyeyoung.cha","All Items > FeatureConf > wa_apps","Give information whether the current model support central speaker or not

Default : true  All model support central speaker
S60T (LA60T) : false  Does not support central speaker","true","Boolean","T","F","2021-11-08T18:01:23"
"14340","FeatureConf","com.samsung/featureconf/wa_apps.is_height_speaker_supported","TP_WapApps","hyeyoung.cha","All Items > FeatureConf > wa_apps","Give information whether the current model support front height L/R speaker or not
It is same as supporting Atmos or not 

Default : true  All model support front height speaker
S60T (LA60T, LA61T) : false  Does not support front height speaker","true","Boolean","T","F","2021-11-08T18:01:30"
"31072","FeatureConf","com.samsung/featureconf/wa_apps.is_side_speaker_supported","TP_WapApps","hyeyoung.cha","All Items > FeatureConf > wa_apps","Side speaker를 가진 사운드바는 true, Side speaker 없는 사운드바는 false 

Default : false 
Side speaker : Q950, Q900, S60T, S61T ","false","Boolean","T","F","2021-11-08T18:01:13"
"8172","FeatureConf","com.samsung/featureconf/wa_apps.is_speaker_type_soundbar","TP_WapApps","hyeyoung.cha","All Items > FeatureConf > wa_apps","To check whether the speaker type is soundbar

Default : False
Soundbar Speaker : True","false","Boolean","T","F","2022-12-14T17:34:47"
"120497","FeatureConf","com.samsung/featureconf/wa_apps.is_spotify_hifi_supported","TP_WapApps","hyeyoung.cha","All Items > FeatureConf > wa_apps","Using 'wa_apps.is_spotify_hifi_supported' value could be able to activate / deactivate  Spotify Hi-Fi feature.
Value :
false: Spotify Hi-Fi feature not supported
true: Spotify Hi-Fi feature supported

Default Value : false -> Mean Spotify Hi-Fi feature not supported

Value: True for Model: -> Mean Spotify Hi-Fi feature supported
S60A,S61A,Q800A,Q850A,Q900A,Q950A,Q700A,Q870A","false","Boolean","T","F","2022-12-09T14:30:51"
"8201","FeatureConf","com.samsung/featureconf/wa_apps.is_support_playback_key_as_mute","TP_WapApps","hyeyoung.cha","All Items > FeatureConf > wa_apps","Using playback key as mute in network audio speakers.

Default : False
Network Speaker : True","false","Boolean","T","F","2021-12-06T10:04:52"
"10567","FeatureConf","com.samsung/featureconf/wa_apps.is_virtual_mode_supported","TP_WapApps","hyeyoung.cha","All Items > FeatureConf > wa_apps","Give information whether the sound bar supports the virtual sound mode or not

Default : true All model support virtual mode
S60T (LA60T) ,  Q950 : false Does not support virtual mode","true","Boolean","T","F","2022-01-06T12:46:48"
"146911","FeatureConf","com.samsung/featureconf/wa_apps.night_mode_option","TP_WapApps","hyeyoung.cha","All Items > FeatureConf > wa_apps","This key represents the support option for night mode.

FMS_NIGHT_MODE_NOT_SUPPORT (0) : not support (default)
FMS_NIGHT_MODE_PLUGIN_ONLY (1) : support by PlugIn only
FMS_NIGHT_MODE_PLUGIN_AND_REMOCON (2) : support by PlugIn & soundbar remocon. (22yr B series)","FMS_NIGHT_MODE_NOT_SUPPORT","Enum","T","F","2021-11-04T12:11:55"
"73664","FeatureConf","com.samsung/featureconf/wa_apps.reartop_speaker_mute_support","TP_WapApps","hyeyoung.cha","All Items > FeatureConf > wa_apps","This item configures whether the function of the reartop speaker mute is enabled or not.

Default : OFF
Soundbar, Q800A / Q700A : ON","false","Boolean","T","F","2021-12-02T22:01:16"
"829806","FeatureConf","com.samsung/featureconf/wa_apps.support_woofer_off_mode","TP_WapApps","hyeyoung.cha","All Items > FeatureConf > wa_apps","this key is configure whether 'woofer off mode' is support or not.

woofer off mode : make woofer sound in SoundDevice body (onebody)

false : not support (default)
true : support
","false","Boolean","T","F","2024-11-20T13:57:16"
"14268","FeatureConf","com.samsung/featureconf/wa_apps.va_support_count","TP_WapCore","yijoo","User Custom > Custom > Org.Chart > SRID
All Items > FeatureConf > wa_apps","This item configures count of Voice Assistant Supported by Soundbars, such as Alexa, Bibby, google assistance.
A soundbar which supports only one voice support will have dependency value of 1, for soundbars with voice support of, for e.g., Alexa and Google Assistant, this feature will have dependency value of 2: representing two Voice Assistant supported.

Dependency Values of this item are set as follows:
Soundbars:
 > L series: 1
 > Q Series: 1
This needs to be changed to 0 as Q70T doesnt support Voice Assistant. (20.09.09) Requested by Natasha Meena 
The value is 1 for both the series as currently only Alexa is supported.
21 OscarA models are added : Only Q70A -> 0 (23th, sep, 2020, Devendra) 
21 model's values are changed
2 VA will be supported Alexa and Bixby
Q700A -> 0(Not support)  ->value update from 0 to 1  (20.12.28) 
Q70T  : value update from 0 to 1  (20.12.28) 
Others -> 2(supported Alexa and Bixby)

 



","0","Int","T","F","2021-12-20T19:33:59"
"146915","FeatureConf","com.samsung/featureconf/wa_apps.voice_amplifier_option","TP_WapApps","hyeyoung.cha","All Items > FeatureConf > wa_apps","This key represents the support option for voice amplifier.

FMS_VOICE_AMPLIFIER_NOT_SUPPORT (0) : not support (default)
FMS_VOICE_AMPLIFIER_PLUGIN_ONLY (1) : support by PlugIn only
FMS_VOICE_AMPLIFIER_PLUGIN_AND_REMOCON (2) : support by PlugIn & soundbar remocon. (22yr B series)","FMS_VOICE_AMPLIFIER_NOT_SUPPORT","Enum","T","F","2021-11-04T12:11:59"
"151613","FeatureConf","com.samsung/featureconf/wa_apps.wireless_rear_channel","TP_WapApps","hyeyoung.cha","All Items > FeatureConf > wa_apps","This key provides the Wireless rear output channel for sound bar

1st  Value : Horizontal Speakers
2nd Value : Subwoofer
3rd Value : Height Speakers

Rear Output Channels for NXP22 models are as follows :

Default : 2.0.0
Q990B : 4.0.2
Q930B : 2.0.2
Q800B : 2.0.2
Q700B : 2.0.2
Q800B : 2.0.2
S830B : 2.0.2
S800B : 2.0.2
S801B : 2.0.2
","2.0.0","String","T","F","2023-01-03T17:22:36"
"224910","FeatureConf","com.samsung/featureconf/wa_apps.wireless_tx_support","TP_WapApps","hyeyoung.cha","All Items > FeatureConf > wa_apps","Here we are checking wireless Tx built to support rear/woofer connections for those Soundbar's  who has the wireless Tx module built in it and the one who doesn't have it. Like, for the models LS60C and G60C we don't have Tx modules as there is no rear and woofer required for these Soundbar's so it will give the false values and for other who supports it will be default as true. ","true","Boolean","T","F","2022-11-01T11:10:42"
"7982","FeatureConf","com.samsung/featureconf/wap_core.aui_mgr.aui_path","TP_WapCore","yijoo","User Custom > Custom > Org.Chart > SRID
All Items > FeatureConf > wap_core > aui_mgr","Defines the Aui path for xml file.

/usr/share/auimgr/SAT/sound.xml is used as the default value
/usr/share/auimgr/TTS/sound.xml is used for Soundbar","/usr/share/auimgr/SAT/sound.xml","String","T","F","2022-03-07T09:53:29"
"8010","FeatureConf","com.samsung/featureconf/wap_core.aui_mgr.vui_path","TP_WapCore","yijoo","User Custom > Custom > Org.Chart > SRID
All Items > FeatureConf > wap_core > aui_mgr","Defines the Vui path for xml file.

/usr/share/auimgr/VUI/sound.xml is used as path for all models but for soundbar path is 
/usr/share/auimgr/VL/sound.xml","/usr/share/auimgr/VUI/sound.xml","String","T","F","2022-03-07T09:53:23"
"12083","FeatureConf","com.samsung/featureconf/wapapps.is_needlastmemory","TP_WapApps","hyeyoung.cha","All Items > FeatureConf > wapapps","The item check if the device need last memory when reboot

Default(TV model or other model): false   //not support lastmemory
L Series/Q Series model or soundbar model for example AI soundbar(LA60T)/M serial/N serial soundbar: true  //support lastmemory","false","Boolean","T","F","2021-12-03T08:46:04"
"17615","FeatureConf","com.samsung/featureconf/wizard.is_tv_image_middle_stand","TP_ConnectionGuide","hafizh.b","All Items > FeatureConf > wizard","This item is not used in fact.
////////////////////////////////////
tv image resources have been updated for 2020.
So for 2020 model, tv image should be applied new resources.
for old model, tv image should be kept same with before.

9 series and 8 series  :  true
others : false","false","Boolean","T","F","2022-11-28T14:50:46"
"4554","FeatureConf","com.samsung/featureconf/wizard_setup_get_local_set","TP_InitialSetupPage","wwei.wu","User Custom > Custom > Org.Chart > SRC","get different value for different localset

default : 0
different localset has different from 1 to 86","0","Int","F","T","2019-08-22T19:56:53"
"37401","BuildConf","sec_buildconf_efl_focus_move_policy","TP_EFL","pankaj.m1","All Items > BuildConf > efl","TBD

TBD","mouse_in","String","","","2020-09-23T18:07:06"
"37397","BuildConf","sec_buildconf_efl_gl_egl_sync","TP_EFL","pankaj.m1","All Items > BuildConf > efl","TBD

TBD","y","String","","","2020-09-23T18:08:15"
"37399","BuildConf","sec_buildconf_efl_gl_partial_merge_type","TP_EFL","pankaj.m1","All Items > BuildConf > efl","TBD

TBD","bounding","String","","","2020-09-23T18:08:34"
"37400","BuildConf","sec_buildconf_efl_input_cancel","TP_EFL","pankaj.m1","All Items > BuildConf > efl","TBD

TBD","n","String","","","2020-09-23T18:08:40"
"37396","BuildConf","sec_buildconf_efl_partial_rendering","TP_EFL","pankaj.m1","All Items > BuildConf > efl","TBD

TBD","y","String","","","2020-09-23T18:08:45"
"37398","BuildConf","sec_buildconf_efl_thumbscroll_enable","TP_EFL","pankaj.m1","All Items > BuildConf > efl","TBD

TBD","n","String","","","2020-09-23T18:08:50"
"349709","BuildConf","sec_buildconf_ep_support_hw_proidiom","MM_FMS_MGT","yunheekim","All Items > BuildConf > ep","This item configures whether HTV model has HW Pro:Idiom Chip, 
If HTV model is 0, then it means this model doesn't have HW Pro:Idiom Chip, it supports with SW Pro:Idiom solution.

Default : 0 (false)
HTV with HW Pro:Idiom Chip : 1 (true)

----------------------------------------------------------------------------
It shall process Preceding prj(22_HW-ProIdiom) on TRUNK2022 due to time critical project request.
It need shelve key from onemain. 
After the end of prj, Product team will apply formal image branch, and apply changed value(1; true).
","0","Boolean","","","2023-05-31T08:36:40"
"76297","BuildConf","sec_buildconf_mm_hw_opus_enable","TP_MMPlayer","ruix.gao","All Items > BuildConf > mm","This item configures whether h/w opus is enabled or not

Value Description:
DEFAULT: OFF
NikeM_WALL, OscarP_MLED, OscarP_WALL, MuseM, NikeL NikeL_HTV, NikeM, NikeM2, OscarP, OscarS, MuseM_LFD, NikeM_LFD, OscarP_LFD, MuseM_IWB: ON
","0","Boolean","","","2021-10-11T11:46:33"
"383414","BuildConf","sec_buildconf_product_rootfs_squashfs_support","StrategicPlatform","yj270.lee","All Items > BuildConf > product","This key configures whether the squashFS file system is supported or not as a root file system.

Default : n
Licensing TV : y","n","String","","","2023-08-29T18:41:03"
"208025","BuildConf","sec_buildconf_security_binsign_manufacturer","Prd_AllProducts","parkky98","All Items > BuildConf > security","This key provides security binsign manufacturer information for security binsign function for Tizen Licensing TV.

Default : samsung

Licensing : cvte

Warning : 
This is only for security binsign function. Do not use this key for other platform functions.
If new repository (chipset) has new manufacturer, Product SPM should change this key as correct value.","samsung","String","","","2022-09-19T09:36:54"
"44630","BuildConf","sec_buildconf_tizenfx_tv_version","TP_DotNetFW","jw0227.shin","User Custom > Custom > Org.Chart > Suwon > S/W Platform Lab
All Items > BuildConf > tizenfx","This item means version of tizenfx tv (C# TV API version)

Default : null
TV : 8.8.0 (Tizen 6.0 initial version)","8.8.0","String","","","2022-12-12T20:32:51"
