,0,1,2
0,FMS_KEY,M80D (1),M80D (2)
1,com.samsung/featureconf/uifw.osu_customer_notice_uisize,NA,true -> ALL
2,com.samsung/featureconf/product.ld_mcu_monitoring_support,false -> ALL,NA
3,com.samsung/featureconf/setting.menuitem.gamma_support,NA,true -> ALL
4,com.samsung/featureconf/product.hdr10plus_v2_support,false -> ALL,NA
5,com.samsung/featureconf/wa_apps.sound_elevation_support,false -> ALL,NA
6,com.samsung/featureconf/game_bar.voice_support,false -> ALL,NA
7,com.samsung/featureconf/setting.menuitem.picture_demo_support,NA,true -> ALL
8,com.samsung/featureconf/product.hw_auto_fine_tuner_support,true -> ALL,NA
9,com.samsung/featureconf/product.lfd.sbox.video_fpga_tag,NONE -> ALL,NA
10,com.samsung/featureconf/generative_wallpaper.supported,false -> ALL,NA
11,com.samsung/featureconf/karaoke.num_usb_mic,0 -> ALL,NA
12,com.samsung/featureconf/wa_apps.sound_supervisor_mode,0 -> ALL,NA
13,com.samsung/featureconf/bluetooth.max_num_of_connected_audio,2 -> ALL,NA
14,com.samsung/featureconf/notice.check_localset_permitted,NA,0 -> CHI_DTV | 1 -> REST
15,com.samsung/featureconf/product.lfd.sbox.video_pentile_overlap_position_support,false -> ALL,NA
16,com.samsung/featureconf/ug.support,true -> EA_INDIA; ED_INDIA; EU; EU_GERMANY; EU_ITALY; EU_SPAIN; EU_UK; KOR; SD_CANADA; US | false -> REST,NA
17,com.samsung/featureconf/product.lfd.wol_only_supported,false -> ALL,NA
18,com.samsung/featureconf/product.lfd.sbox_jdm_support_type,0 -> ALL,NA
19,com.samsung/featureconf/setting.contactsamsung.memoryinfo_support,NA,true -> CHI_DTV; EA_CHINA | false -> REST
20,com.samsung/featureconf/settings.menuitem.soccer_mode_menu_type,0 -> ALL,NA
21,com.samsung/featureconf/game_bar.virtual_aim_pointer_auto_hide_support,false -> ALL,NA
22,com.samsung/featureconf/setting.menuitem.power_indicator_support,false -> ALL,NA
23,com.samsung/featureconf/avbleapp.advertising_icon_type,NA,0 -> ALL
24,com.samsung/featureconf/product.local_dimming_default_low,false -> ALL,NA
25,com.samsung/featureconf/rootstrap_api_version,8.0 -> ALL,7.5 -> ALL
26,com.samsung/featureconf/broadcasting.h264_fhd_5060p_max_support,false -> ALL,NA
27,com.samsung/featureconf/emanual.folder_name,SMGATSCB -> SA_ATV; SD_CANADA | SMGDVBEUB -> AD_NZ2; CIS_CA_MS; CUBA_DTV; EA_AFRICA; EA_BANGLADESH; EA_CHINA; EA_EAST_ASIA; EA_EGYPT; EA_INDIA; EA_INDONESIA; EA_IRAN; EA_LIBYA; EA_MALAYSIA; EA_MIDDLE_ASIA; EA_NEPAL; EA_PAKISTAN; EA_PHI; EA_SAUDI; EA_SRILANKA; EA_S_AFRICA; EA_THAILLAND; EA_UAE; EA_VIETNAM; ED_ALGERIA; ED_LIBYA; ED_MYAN; ED_M_ASIA; ED_M_ASIA2; ED_PAK; ED_SAUDI; EU_AFRICA; EU_ALGERIA; EU_BENELUX; EU_GERMANY; EU_ITALY; EU_RS_AFRICA; EU_SPAIN; EU_S_AFRICA; EU_TOTAL; EU_UK; JAPAN; PARAGUAY_DTV; URUGUAY_DTV | SMGRPNAKD -> ARG_DTV; BRAZIL_DTV; CHILE_DTV; COLOMBIA; KOR; PERU_DTV; SD_MEXICO; SELA; US | SMGRPNCND -> CHI_DTV | SMGRPNEUD -> AD_AU2; AD_SINGAPOL2; CIS_CA_UZ; CIS_RUSIA; CIS_UKRAINA; ED_AFR; ED_EGYPT; ED_INA; ED_INDIA; ED_IRAN; ED_MAL; ED_PHI; ED_SIN2_MAL; ED_THAI; ED_UAE; ED_VIETNAM; EU; EU_ISRAEL; EU_TURKEY; HKG_DTV; TAIWAN,SMGATSCB -> SA_ATV; SD_CANADA | SMGDVBEUB -> AD_NZ2; CIS_CA_MS; CUBA_DTV; EA_AFRICA; EA_BANGLADESH; EA_CHINA; EA_EAST_ASIA; EA_EGYPT; EA_INDIA; EA_INDONESIA; EA_IRAN; EA_LIBYA; EA_MALAYSIA; EA_MIDDLE_ASIA; EA_NEPAL; EA_PAKISTAN; EA_PHI; EA_SAUDI; EA_SRILANKA; EA_S_AFRICA; EA_THAILLAND; EA_UAE; EA_VIETNAM; ED_ALGERIA; ED_LIBYA; ED_MYAN; ED_M_ASIA; ED_M_ASIA2; ED_PAK; ED_SAUDI; EU_AFRICA; EU_ALGERIA; EU_BENELUX; EU_GERMANY; EU_ITALY; EU_RS_AFRICA; EU_SPAIN; EU_S_AFRICA; EU_TOTAL; EU_UK; JAPAN; PARAGUAY_DTV; URUGUAY_DTV | SMGROPAKF -> ARG_DTV; BRAZIL_DTV; CHILE_DTV; COLOMBIA; KOR; PERU_DTV; SD_MEXICO; SELA; US | SMGROPCNF -> CHI_DTV | SMGROPEUF -> AD_AU2; AD_SINGAPOL2; CIS_CA_UZ; CIS_RUSIA; CIS_UKRAINA; ED_AFR; ED_EGYPT; ED_INA; ED_INDIA; ED_IRAN; ED_MAL; ED_PHI; ED_THAI; ED_UAE; ED_VIETNAM; EU; EU_ISRAEL; EU_TURKEY; HKG_DTV; TAIWAN | SMGRPNEUD -> ED_SIN2_MAL
28,com.samsung/featureconf/roon.support,false -> ALL,NA
29,com.samsung/featureconf/airplay.homekit_support,false -> ALL,NA
30,com.samsung/featureconf/setting.helptext.abouttv_type,NA,0 -> ALL
31,com.samsung/featureconf/product.lfd.sbox.ethernet_hub_support,false -> ALL,NA
32,com.samsung/featureconf/tap_service.tap_connect_support,false -> ALL,true -> ALL
33,com.samsung/featureconf/externin.is_earc_supported,NA,true -> ALL
34,com.samsung/featureconf/soc.fps_doubling_for_vsp_support,false -> ALL,NA
35,com.samsung/featureconf/network.captive_portal_support,false -> ALL,NA
36,com.samsung/featureconf/bluetooth.mouse_keyboard_connected_oobepage_support,false -> ALL,true -> ALL
37,com.samsung/featureconf/iot_hub.module_vendor,0 -> ALL,NA
38,com.samsung/featureconf/mls_support,NA,false -> ALL
39,com.samsung/featureconf/setting.menuitem.offtime.support,NA,true -> ALL
40,com.samsung/featureconf/product.native_screen_fit_support,false -> ALL,NA
41,com.samsung/featureconf/full_preloading_support,NA,false -> ALL
42,com.samsung/featureconf/youtube.power_on_from_youtube_button,false -> ALL,NA
43,com.samsung/featureconf/setting.menuitem.dynamic_brightness_support,false -> ALL,NA
44,com.samsung/featureconf/ai_sound.sound_agent_support,false -> ALL,NA
45,com.samsung/featureconf/acm.iamf_support,false -> ALL,NA
46,com.samsung/featureconf/product.adminitem_ch_seamless_switch_support,false -> ALL,NA
47,com.samsung/featureconf/sound.symphony_always_support,false -> ALL,NA
48,com.samsung/featureconf/multiview.mirroring_support,true -> ALL,NA
49,com.samsung/featureconf/product.3color_led_indicator_support,false -> ALL,NA
50,com.samsung/featureconf/boot.rw_reset_trigger,NA,false -> ALL
51,com.samsung/featureconf/setting.menuitem.display_logo_support,NA,true -> ALL
52,com.samsung/featureconf/product.deny_italy_regulation,false -> ALL,true -> ED_SIN2_MAL | false -> REST
53,com.samsung/featureconf/setting.menuitem.filmmode.help_string,NA,TV_SID_PICTURE_MAKE_FRAME_TRANSITIONS_OLDER_VIDEO_SMOOTHER_576I_MSG_RTLNEWLINE -> AD_AU2; AD_NZ2; AD_SINGAPOL2; ARG_DTV; BRAZIL_DTV; CHILE_DTV; CHI_DTV; CIS_CA_MS; CIS_CA_UZ; CIS_RUSIA; CIS_UKRAINA; COLOMBIA; CUBA_DTV; EA_AFRICA; EA_BANGLADESH; EA_CHINA; EA_EAST_ASIA; EA_EGYPT; EA_INDIA; EA_INDONESIA; EA_IRAN; EA_LIBYA; EA_MALAYSIA; EA_MIDDLE_ASIA; EA_NEPAL; EA_PAKISTAN; EA_PHI; EA_SAUDI; EA_SRILANKA; EA_S_AFRICA; EA_THAILLAND; EA_UAE; EA_VIETNAM; ED_AFR; ED_ALGERIA; ED_EGYPT; ED_INA; ED_INDIA; ED_IRAN; ED_LIBYA; ED_MAL; ED_MYAN; ED_M_ASIA; ED_M_ASIA2; ED_PAK; ED_PHI; ED_SAUDI; ED_SIN2_MAL; ED_THAI; ED_UAE; ED_VIETNAM; EU; EU_AFRICA; EU_ALGERIA; EU_BENELUX; EU_GERMANY; EU_ISRAEL; EU_ITALY; EU_RS_AFRICA; EU_SPAIN; EU_S_AFRICA; EU_TOTAL; EU_TURKEY; EU_UK; HKG_DTV; JAPAN; PARAGUAY_DTV; PERU_DTV; SA_ATV; SELA; TAIWAN; URUGUAY_DTV | TV_SID_PICTURE_MAKE_FRAME_TRANSITIONS_OLDER_VIDEO_SMOOTHER_MSG -> KOR; SD_CANADA; SD_MEXICO; US
54,com.samsung/featureconf/product.lfd.sbox.video_pentile_edge_sharpness_support,false -> ALL,NA
55,com.samsung/featureconf/setting.menuitem.shadow_detail_support,NA,true -> ALL
56,com.samsung/featureconf/smartthings.mobile_feature_mode,0 -> ALL,NA
57,com.samsung/featureconf/uart_ir_blaster_supported,NA,false -> ALL
58,com.samsung/featureconf/acm.sw_ptp_supported,false -> ALL,NA
59,com.samsung/featureconf/setting.menuitem.picture_mode_option_support,NA,true -> ALL
60,com.samsung/featureconf/ai_sound.sound_agent_version,0 -> ALL,NA
61,com.samsung/featureconf/product.sensory_friendly_sound_suppport,false -> ALL,NA
62,com.samsung/featureconf/uifw.avatar_framework,NA,true -> ALL
63,com.samsung/featureconf/googlecast.support,false -> ALL,true -> ALL
64,com.samsung/featureconf/tizen_automotive_platform.support,false -> ALL,NA
65,com.samsung/featureconf/contents_recognition.game_title_detector_support,true -> ALL,NA
66,com.samsung/featureconf/product.woc_wifi_region,0 -> ALL,NA
67,com.samsung/featureconf/ai_explorer.support,false -> ALL,NA
68,com.samsung/featureconf/product.low_power_wifi_support,false -> ALL,NA
69,com.samsung/featureconf/av_highlight_supported,NA,true -> ARG_DTV; BRAZIL_DTV; CHILE_DTV; CHI_DTV; CIS_CA_MS; CIS_CA_UZ; CIS_RUSIA; CIS_UKRAINA; COLOMBIA; CUBA_DTV; EA_AFRICA; EA_BANGLADESH; EA_CHINA; EA_EAST_ASIA; EA_EGYPT; EA_INDIA; EA_INDONESIA; EA_IRAN; EA_LIBYA; EA_MALAYSIA; EA_MIDDLE_ASIA; EA_NEPAL; EA_PAKISTAN; EA_PHI; EA_SAUDI; EA_SRILANKA; EA_S_AFRICA; EA_THAILLAND; EA_UAE; EA_VIETNAM; ED_AFR; ED_ALGERIA; ED_EGYPT; ED_INA; ED_INDIA; ED_IRAN; ED_LIBYA; ED_MAL; ED_MYAN; ED_M_ASIA; ED_M_ASIA2; ED_PAK; ED_PHI; ED_SAUDI; ED_THAI; ED_UAE; ED_VIETNAM; HKG_DTV; JAPAN; PARAGUAY_DTV; PERU_DTV; SA_ATV; SD_MEXICO; SELA; URUGUAY_DTV | false -> REST
70,com.samsung/featureconf/ai_tech.adaptive_picture_no_sensor_support,false -> ALL,NA
71,com.samsung/featureconf/bluetooth.smartview_buds_switching_support,true -> ALL,NA
72,com.samsung/featureconf/wa_apps.non_standard_stereo_type,0 -> ALL,NA
73,com.samsung/featureconf/product.lfd.sbox.video_fpga_update_start_offset,0x0000000 -> ALL,NA
74,com.samsung/featureconf/product.lfd.sbox.vp_high_frame_rate_mode_support,false -> ALL,NA
75,com.samsung/featureconf/knox_browser.win365_support,false -> ALL,NA
76,com.samsung/featureconf/wa_apps.is_gamepro_sound_supported,true -> ALL,NA
77,com.samsung/featureconf/setting.support.finding_serialnumber_guide,NA,SID_THE_SERIAL_AND_VERSION_NUMBERS_CAN_BE_FOUND_ON_THE_STICKER_ON_THE_RIGHT_OR_BACK_SIDE_OF_YOUR_TV -> ALL
78,com.samsung/featureconf/eden.show_unconfigured_livetv,true -> AD_AU2 | false -> REST,NA
79,com.samsung/featureconf/security.uaf_support_level,1 -> ALL,NA
80,com.samsung/featureconf/auto_stand_supported,NA,false -> ALL
81,com.samsung/featureconf/wa_apps.auto_volume_support,false -> ALL,NA
82,com.samsung/featureconf/broadcasting.certification.satellite.prosieben,true -> ALL,NA
83,com.samsung/featureconf/product.multicode_remote_control_support,NA,false -> ALL
