[
  {
    "id": 1752548852175,
    "title": "SM_GameBar_Keys_Review",
    "description": "Review of gaming FMS keys",
    "adminName": "John Kim",
    "adminId": "john.kim",
    "models": [
      "M80D",
      "G95SC"
    ],
    "participants": [],
    "createdDate": "2025-07-15T03:07:32.175Z"
  },
  {
    "id": 1752549131309,
    "title": "SM_GameBar_Keys_Review",
    "description": "Review of gaming FMS keys",
    "adminName": "ron Kim",
    "adminId": "ron.kim",
    "models": [
      "M80D",
      "G95SC"
    ],
    "participants": [
      "reviewer",
      "sarah.lee"
    ],
    "createdDate": "2025-07-15T03:12:11.309Z"
  },
  {
    "id": 1752610631124,
    "title": "25Y_Review",
    "description": "Description",
    "adminName": "ron Kim",
    "adminId": "ron.kim",
    "models": [
      "M80D",
      "G95SC",
      "G85SD"
    ],
    "participants": [],
    "createdDate": "2025-07-15T20:17:11.124Z"
  }
]